üëë CEO,üíº CFO,‚öôÔ∏è COO,üí∞ CRO,üìà CIO,üß† CBO,ü™ë Chairman,üéñÔ∏è President,üßç EVP,üìä Portfolio Manager,üîü 10% Owner,üìã Director,üî• VERY LARGE TRADE,üí∞ LARGE TRADE,üü¢ SMALL TRADE,‚ùì UNKNOWN SIZE,üê£ MICRO CAP,üå± SMALL CAP,üåø MID CAP,üå≥ LARGE CAP,üèîÔ∏è MEGA CAP,üì° Tech,üè• Healthcare,üõçÔ∏è Consumer Cyclical,‚ö° Energy,üèóÔ∏è Industrial,üîå Utilities,üèòÔ∏è Real Estate,‚öôÔ∏è Materials,üìû Communication,üß∞ Other,üìâ DIP BUY,üöÄ BUYING INTO STRENGTH,üîÅ CLUSTER BUY,üß† SMART INSIDER,üß© MULTIPLE BUYS,üìÖ NEAR EARNINGS,Automatic/Scheduled,Compensation/Accounting,Ownership Disclaimer/Indirect,Conviction Buy,ticker,insider_name,transaction_date,price,case1_pred_XGB,case2_pred_XGB
1,0,0,0,0,0,0,0,0,0,0,0,0,0,1,0,1,0,0,0,0,0,0,0,0,0,1,0,0,0,0,0,0,1,0,1,0,0,0,1,1,NRGV,Piconi Robert,2025-08-29,1.92,0.912352,0.9481088
0,0,0,0,0,0,0,0,0,0,0,1,0,0,1,0,1,0,0,0,0,0,0,0,0,0,1,0,0,0,0,0,0,1,0,0,0,0,0,1,0,NRGV,Hixon Dylan,2025-08-29,1.92,0.945964,0.9425134
0,0,0,0,0,0,0,0,0,0,1,0,0,0,0,0,0,0,0,1,0,0,0,0,1,0,0,0,0,0,0,0,0,0,0,0,0,0,0,1,0,TPL,HORIZON KINETICS ASSET MANAGEM,2025-08-28,909.74,0.28435588,0.043852735
0,0,0,0,0,0,0,0,1,0,0,0,0,0,0,0,0,0,1,0,0,0,0,0,0,0,0,0,0,0,0,0,0,0,0,0,0,0,0,1,1,SNV,Dierdorff Thomas T,2025-08-28,50.56,0.60328865,0.59671843
0,0,0,0,0,0,0,0,0,0,0,0,0,0,1,0,0,1,0,0,0,0,0,0,1,0,0,0,0,0,0,0,0,0,0,1,0,0,1,0,1,GLP,Global GP LLC,2025-08-28,52.75,0.12221244,0.64648604
0,0,0,0,0,0,0,0,0,0,0,1,0,0,0,0,1,0,0,0,0,0,0,0,0,0,1,0,0,0,0,0,0,1,0,0,0,0,0,1,0,NRGV,Ertel Thomas R,2025-08-28,1.81,0.9094263,0.93176514
0,0,0,0,0,0,0,0,0,0,0,1,0,0,0,0,0,1,0,0,0,0,1,0,0,0,0,0,0,0,0,0,0,0,0,0,0,0,0,0,1,PGEN,AGEE NANCY H,2025-08-28,4.65,0.8903533,0.6832072
0,0,0,0,0,0,0,0,0,0,0,1,0,0,0,0,0,0,1,0,0,0,0,1,0,0,0,0,0,0,0,0,0,1,0,0,0,0,0,0,1,LKQ,Urbain Xavier,2025-08-28,32.12,0.67488897,0.40750644
0,0,0,0,0,0,0,0,0,0,0,1,0,0,1,0,1,0,0,0,0,0,1,0,0,0,0,0,0,0,0,0,0,0,0,0,0,0,0,1,0,RCEL,McNamara Robert,2025-08-28,4.5,0.8859246,0.6042146
0,0,0,0,0,0,0,0,0,0,0,1,0,0,0,0,0,0,0,1,0,1,0,0,0,0,0,0,0,0,0,0,0,0,0,0,0,1,0,1,0,TEAM,Belsky Scott,2025-08-28,173.0,0.19783352,0.55540276
0,0,0,0,0,0,1,0,0,0,0,0,0,0,1,0,0,0,1,0,0,0,0,0,0,0,0,0,0,0,0,0,0,0,0,1,0,0,0,0,1,HTH,SOBEL JONATHAN S,2025-08-27,35.36,0.8153274,0.45402157
0,0,0,0,0,0,0,0,0,0,0,1,0,0,0,0,0,1,0,0,0,0,1,0,0,0,0,0,0,0,0,0,0,0,0,0,0,0,0,1,0,RCKT,Bjork Elisabeth,2025-08-27,3.41,0.9284012,0.702025
0,0,0,0,0,0,0,0,0,0,0,0,0,0,0,0,0,0,0,1,0,0,0,0,0,0,0,0,1,0,0,0,0,0,0,0,0,0,0,1,0,AMRZ,Brouwer Roald,2025-08-27,51.88,0.43685228,0.13997693
0,0,0,0,0,0,0,0,0,0,1,0,0,0,0,0,0,1,0,0,0,0,0,0,0,0,0,0,0,1,0,0,0,0,0,1,0,0,0,1,1,SHEN,"ECP ControlCo, LLC",2025-08-27,13.35,0.8006103,0.56221855
0,0,0,0,0,0,0,0,0,0,0,1,0,0,0,0,1,0,0,0,0,0,0,0,0,0,0,0,0,0,0,0,0,0,0,0,0,1,0,1,0,FRAF,Duffey Gregory A,2025-08-27,46.55,0.3102791,0.1462822
0,0,0,0,0,0,0,0,0,0,0,1,0,0,0,0,0,0,1,0,0,0,1,0,0,0,0,0,0,0,0,0,0,0,0,0,0,0,0,0,1,ICUI,Greenberg David C.,2025-08-27,126.42,0.97539526,0.8827977
0,0,0,0,0,0,0,0,0,0,0,1,0,0,0,0,0,0,1,0,0,0,0,1,0,0,0,0,0,0,0,0,0,1,0,0,0,0,0,0,1,LKQ,CLARKE ANDREW C,2025-08-27,31.95,0.67488897,0.40750644
0,0,0,0,0,0,0,0,0,0,1,0,0,0,0,0,0,1,0,0,0,0,0,0,0,0,0,0,0,1,0,0,0,0,0,1,0,0,0,1,1,SHEN,"ECP Fiber Holdings GP, LLC",2025-08-27,13.35,0.8006103,0.56221855
0,0,0,0,0,0,0,0,0,0,0,1,0,0,0,0,0,1,0,0,0,0,0,0,0,0,0,1,0,0,0,0,0,0,0,1,0,0,0,1,0,MLP,CASE STEPHEN M,2025-08-27,17.0,0.9686534,0.6472161
0,0,0,0,0,0,0,0,0,0,0,1,0,0,0,0,1,0,0,0,0,0,0,0,0,0,0,0,0,0,0,0,0,0,0,0,0,0,0,0,1,MRBK,Imbesi Anthony Mark,2025-08-27,15.72,0.5931266,0.079702005
0,1,0,0,0,0,0,0,0,0,0,0,0,0,1,0,0,1,0,0,0,0,0,0,0,0,0,0,0,0,0,0,0,0,0,1,0,0,0,1,0,AROW,Ivanov Penko Krassimir,2025-08-27,29.46,0.6369116,0.13317314
1,0,0,0,0,0,0,0,0,0,0,0,0,0,0,0,0,0,1,0,0,0,0,1,0,0,0,0,0,0,0,0,0,1,0,0,0,0,0,0,1,LKQ,Jude Justin L,2025-08-27,31.5,0.6635883,0.3313137
0,0,0,0,0,0,0,0,0,0,1,0,0,0,1,0,0,1,0,0,0,0,0,0,0,0,0,0,0,0,0,0,0,0,0,1,0,0,0,0,1,DGICA,DONEGAL MUTUAL INSURANCE CO,2025-08-27,17.49,0.81905705,0.55197245
0,0,0,0,0,0,0,0,0,0,1,0,0,0,0,0,0,0,0,1,0,0,0,0,1,0,0,0,0,0,0,0,0,0,0,0,0,0,0,1,0,TPL,HORIZON KINETICS ASSET MANAGEM,2025-08-27,914.32,0.28435588,0.043852735
0,0,0,0,0,0,0,0,0,0,0,0,0,0,1,0,0,1,0,0,0,0,0,0,1,0,0,0,0,0,0,0,0,0,0,1,0,0,1,0,1,GLP,Global GP LLC,2025-08-27,51.97,0.12221244,0.64648604
0,0,0,0,0,0,0,0,1,0,0,0,0,0,0,0,0,0,1,0,0,0,0,0,0,0,0,0,1,0,0,0,0,1,0,0,0,0,0,1,0,EMN,SMITH BRIAN TRAVIS,2025-08-27,68.34,0.76570994,0.8731337
0,0,0,0,0,0,0,0,0,0,0,1,0,0,0,0,0,0,1,0,0,0,0,0,0,0,0,0,1,0,0,0,0,1,0,0,0,0,0,0,1,EMN,OBRIEN JAMES J /KY,2025-08-27,68.81,0.8674313,0.7935482
0,0,0,0,0,0,0,0,0,0,0,1,0,0,0,0,0,0,1,0,0,0,0,0,0,0,0,0,1,0,0,0,1,1,0,0,0,0,0,0,1,EMN,Mink Kim Ann,2025-08-27,69.38,0.8674313,0.7935482
0,1,0,0,0,0,0,0,0,0,0,0,0,0,0,0,0,0,1,0,0,0,0,0,0,0,0,0,1,0,0,0,0,1,0,0,0,0,0,1,0,EMN,McLain William Thomas Jr.,2025-08-27,68.73,0.7684403,0.8642505
0,0,0,0,0,0,0,0,0,0,0,0,0,0,0,0,0,0,1,0,0,0,0,0,0,0,0,0,1,0,0,0,0,1,0,0,0,0,0,0,1,EMN,McAlindon Julie A.,2025-08-27,68.43,0.8512631,0.8218668
0,0,0,0,0,0,0,0,1,0,0,0,0,0,0,0,0,0,1,0,0,0,0,0,0,0,0,0,1,0,0,0,0,1,0,0,0,0,0,0,1,EMN,LICH BRAD A,2025-08-27,68.49,0.8512631,0.8218668
0,0,0,0,1,0,0,0,0,0,0,0,0,1,0,0,1,0,0,0,0,0,0,0,0,0,0,0,0,0,0,0,0,0,0,1,0,1,0,1,0,TPVG,Srivastava Sajal,2025-08-27,6.63,0.26988026,0.07350412
0,0,0,0,0,0,0,0,0,0,0,1,0,0,0,0,0,0,1,0,0,0,0,0,0,0,0,0,1,0,0,0,0,1,0,0,0,0,0,0,1,EMN,Holder Julie Fasone,2025-08-27,68.8,0.8674313,0.7935482
1,0,0,0,0,0,0,0,0,0,0,0,0,0,0,0,0,0,1,0,0,0,0,0,0,0,0,0,1,0,0,0,0,1,0,0,0,0,0,0,1,EMN,Costa Mark J,2025-08-27,67.89,0.8436984,0.76316
0,0,0,0,0,0,0,0,0,0,0,1,0,0,0,0,0,0,1,0,0,0,0,0,0,0,0,0,1,0,0,0,0,1,0,0,0,0,0,0,1,EMN,BUTLER ERIC L,2025-08-27,68.65,0.8674313,0.7935482
0,0,0,0,0,0,0,0,0,0,0,1,0,0,0,0,0,0,1,0,0,0,0,0,0,0,0,0,1,0,0,0,0,1,0,0,0,0,0,0,1,EMN,BEGEMANN BRETT D,2025-08-27,68.28,0.8674313,0.7935482
0,0,0,0,0,0,0,0,0,0,0,1,0,0,0,0,0,0,1,0,0,0,0,0,0,0,0,0,1,0,0,0,0,1,0,0,0,0,0,0,1,EMN,Audia Damon J,2025-08-27,68.58,0.8674313,0.7935482
1,0,0,0,0,0,0,0,0,0,0,0,0,1,0,0,1,0,0,0,0,0,0,0,0,0,0,0,0,0,0,0,0,0,0,1,0,1,0,1,0,TPVG,Labe James,2025-08-27,6.63,0.26836476,0.11842648
0,0,0,0,0,0,0,1,0,0,0,0,0,0,0,0,0,0,1,0,0,0,0,0,0,0,0,0,0,0,0,0,0,1,0,0,0,1,0,0,0,EBC,Miller Quincy Lee,2025-08-27,17.07,0.11947882,0.3165505
0,0,0,0,0,0,0,0,0,0,0,0,0,0,0,0,0,0,1,0,0,0,0,0,0,0,0,0,0,0,0,0,0,1,0,0,0,1,0,0,0,EBC,Henry Kathleen Cloherty,2025-08-27,17.07,0.11947882,0.3165505
0,0,0,0,0,0,0,0,0,0,0,0,0,0,0,0,0,0,1,0,0,0,0,0,0,0,0,0,0,0,0,0,0,1,0,0,0,1,0,0,0,EBC,Antonakes Steven Louis,2025-08-27,17.06239974126779,0.11947882,0.3165505
0,0,0,0,0,0,0,0,0,0,0,1,0,0,1,0,1,0,0,0,0,0,0,0,0,0,0,1,0,0,0,0,0,0,0,0,0,0,0,1,0,ONL,GILYARD REGINALD HAROLD,2025-08-27,2.91,0.88735425,0.4264197
0,0,0,0,0,0,0,0,0,0,0,1,0,0,0,0,0,1,0,0,0,0,0,1,0,0,0,0,0,0,0,0,0,0,0,0,0,0,0,0,1,PRSU,Bright Jill,2025-08-26,36.77,0.7956817,0.46125263
0,0,0,0,0,0,0,0,0,0,0,1,0,0,0,0,0,0,0,1,0,0,0,0,0,0,0,0,0,0,0,0,0,0,0,0,0,0,0,0,1,BJ,Ortega Steven L,2025-08-26,96.09,0.18356258,0.01857031
0,1,0,0,0,0,0,0,0,0,0,0,0,0,0,0,1,0,0,0,0,0,1,0,0,0,0,0,0,0,0,0,0,0,0,0,0,0,0,0,1,RCEL,O'Toole David D,2025-08-26,4.52,0.9256289,0.8289814
0,0,0,0,0,0,0,0,0,0,0,1,0,0,1,0,0,0,1,0,0,0,0,1,0,0,0,0,0,0,0,0,0,0,0,1,0,0,0,1,0,REYN,Hawkesby Duncan,2025-08-26,22.99,0.9476155,0.91251224
0,0,0,0,0,0,1,0,0,0,0,0,0,0,1,0,0,0,1,0,0,0,0,0,0,0,0,0,0,0,0,0,0,0,0,1,0,0,0,0,1,HTH,SOBEL JONATHAN S,2025-08-26,35.21,0.8153274,0.45402157
0,0,0,0,0,0,0,0,0,0,0,1,0,0,1,0,1,0,0,0,0,0,0,0,0,0,0,0,0,0,0,0,0,0,0,1,0,0,0,1,1,FLD,Young Bracebridge H Jr,2025-08-26,3.45,0.81745267,0.40079772
1,0,0,0,0,0,0,0,0,0,0,0,0,0,0,0,0,0,1,0,0,0,0,0,0,0,0,0,0,1,0,0,0,0,0,0,0,0,0,0,1,MTCH,Rascoff Spencer M,2025-08-26,37.57,0.76187116,0.56880635
0,0,0,0,0,0,0,0,0,0,0,1,0,0,0,0,0,1,0,0,0,0,0,0,0,0,0,1,0,0,0,0,0,0,0,1,0,0,0,1,1,MLP,CASE STEPHEN M,2025-08-26,16.99,0.95369273,0.7091393
0,1,0,0,0,0,0,0,0,0,0,0,0,0,0,0,0,0,1,0,0,0,0,0,0,0,0,0,0,0,0,0,0,1,0,0,0,0,0,0,1,COTY,Mercier Laurent,2025-08-26,3.84,0.20516394,0.08742078
0,0,0,0,0,0,0,0,0,0,0,1,0,0,0,0,0,1,0,0,0,0,0,0,0,0,0,1,0,0,0,0,0,0,0,0,0,0,0,0,1,GMRE,Cypher Matthew,2025-08-26,7.38,0.76847017,0.28336844
0,1,0,0,0,0,0,0,0,0,0,0,0,0,1,0,1,0,0,0,0,0,0,0,0,0,0,0,0,1,0,0,0,0,0,0,0,0,0,0,1,GMGI,Christensen Richard,2025-08-26,1.3,0.8261521,0.36526784
0,0,0,0,0,0,0,0,0,0,1,0,0,0,1,0,0,1,0,0,0,0,0,0,0,0,0,0,0,0,0,0,0,0,0,1,0,0,0,0,1,DGICA,DONEGAL MUTUAL INSURANCE CO,2025-08-26,17.45,0.81905705,0.55197245
0,0,0,0,0,0,0,0,0,0,0,0,0,0,1,0,0,1,0,0,0,0,0,0,1,0,0,0,0,0,0,0,0,0,0,1,0,0,1,0,1,GLP,Global GP LLC,2025-08-26,51.14,0.12221244,0.64648604
0,0,0,0,0,0,0,0,0,0,1,0,0,0,1,0,0,1,0,0,0,0,0,0,0,0,0,0,0,1,0,0,0,0,0,1,0,0,0,1,1,SHEN,"ECP ControlCo, LLC",2025-08-26,13.27,0.74400467,0.59631175
0,0,0,0,0,0,0,0,0,0,0,1,0,0,1,0,0,1,0,0,0,0,1,0,0,0,0,0,0,0,0,0,0,0,0,1,0,1,0,1,1,LAB,"Casdin Partners Master Fund, L",2025-08-26,1.26,0.83133656,0.12192883
0,0,0,0,1,0,0,0,0,0,0,0,0,0,1,0,1,0,0,0,0,0,0,0,0,0,0,0,0,0,0,0,0,0,0,1,0,1,0,1,0,TPVG,Srivastava Sajal,2025-08-26,6.48,0.24390261,0.028250528
1,0,0,0,0,0,0,0,0,0,0,0,0,0,1,0,1,0,0,0,0,0,0,0,0,0,0,0,0,0,0,0,0,0,0,1,0,1,0,1,0,TPVG,Labe James,2025-08-26,6.48,0.25881138,0.064414375
0,0,0,0,0,0,0,0,0,0,0,1,0,0,0,0,1,0,0,0,0,0,0,0,0,0,0,0,0,1,0,0,0,0,0,0,0,0,0,1,0,TEAD,Krindel Yaffa,2025-08-26,1.87,0.843649,0.28817576
0,0,0,0,0,0,0,0,0,0,0,0,0,0,0,0,0,1,0,0,0,0,0,0,0,1,0,0,0,0,0,0,0,1,0,0,0,0,0,0,1,AEBI,Schenkirsch Thomas,2025-08-26,11.77,0.91458815,0.88485074
0,1,0,0,0,0,0,0,0,0,0,0,0,0,0,0,0,1,0,0,0,0,0,0,0,0,0,0,0,0,0,0,0,0,0,1,0,0,0,1,0,AROW,Ivanov Penko Krassimir,2025-08-26,29.46,0.6857958,0.1583688
0,0,0,0,0,0,0,0,0,0,1,0,0,0,1,0,0,1,0,0,0,0,0,0,0,0,0,0,0,1,0,0,0,0,0,1,0,0,0,1,1,SHEN,"ECP Fiber Holdings GP, LLC",2025-08-26,13.27,0.74400467,0.59631175
0,0,0,0,0,0,0,0,0,0,1,0,0,0,0,0,0,0,0,1,0,0,0,0,1,0,0,0,0,0,0,0,0,0,0,0,0,0,0,1,0,TPL,HORIZON KINETICS ASSET MANAGEM,2025-08-26,897.55,0.28435588,0.043852735
1,0,0,0,0,0,0,0,0,0,0,0,0,1,0,0,1,0,0,0,0,0,0,0,0,0,0,0,0,0,0,0,0,0,0,1,0,1,0,1,0,TPVG,Labe James,2025-08-25,6.48,0.26836476,0.11842648
0,0,0,0,0,0,0,0,0,0,0,1,0,0,0,0,0,0,0,1,0,0,1,0,0,0,0,0,0,0,0,0,0,0,0,0,0,0,0,1,0,MDT,Jellison William R,2025-08-25,92.37,0.68131465,0.21979593
0,0,0,0,0,0,0,0,0,0,0,1,0,0,1,0,0,1,0,0,0,0,1,0,0,0,0,0,0,0,0,0,0,0,0,1,0,1,0,1,1,LAB,"Casdin Partners Master Fund, L",2025-08-25,1.24,0.83133656,0.12192883
0,0,0,0,0,0,0,0,0,0,1,0,0,0,0,0,0,0,0,1,0,0,0,0,1,0,0,0,0,0,0,0,0,0,0,0,0,0,0,1,0,TPL,HORIZON KINETICS ASSET MANAGEM,2025-08-25,908.19,0.28435588,0.043852735
0,0,0,0,0,0,0,0,0,0,0,1,0,0,0,0,1,0,0,0,0,0,0,0,0,0,0,0,0,1,0,0,0,0,0,0,0,0,0,1,0,TEAD,Krindel Yaffa,2025-08-25,1.88,0.843649,0.28817576
0,0,0,0,0,0,0,0,0,0,0,1,0,0,0,0,0,1,0,0,0,0,0,0,0,0,0,0,0,1,0,0,0,0,0,0,0,0,0,0,1,THRY,Slater John,2025-08-25,13.69,0.7080754,0.23988776
0,0,0,0,1,0,0,0,0,0,0,0,0,1,0,0,1,0,0,0,0,0,0,0,0,0,0,0,0,0,0,0,0,0,0,1,0,1,0,1,0,TPVG,Srivastava Sajal,2025-08-25,6.48,0.26988026,0.07350412
1,0,0,0,0,0,0,0,0,0,0,0,0,0,0,0,0,1,0,0,0,0,0,0,0,0,0,1,0,0,0,0,0,0,0,0,0,0,0,0,1,STRW,Gubin Moishe,2025-08-25,11.77,0.4732355,0.6474517
0,0,0,0,0,1,0,0,0,0,0,0,0,0,1,0,0,1,0,0,0,0,1,0,0,0,0,0,0,0,0,0,0,0,0,0,0,0,0,0,1,BFLY,Cashman Steve,2025-08-25,1.64,0.7589261,0.8734878
0,0,0,0,0,0,0,0,0,0,1,0,0,0,0,0,0,1,0,0,0,0,0,0,0,0,0,0,0,1,0,0,0,0,0,1,0,0,0,1,1,SHEN,"ECP Fiber Holdings GP, LLC",2025-08-25,13.1,0.8006103,0.56221855
0,0,0,0,0,0,0,0,0,0,0,1,0,0,1,0,0,1,0,0,0,0,0,0,0,0,0,0,0,0,0,0,0,0,0,0,0,1,0,0,0,WASH,DiMuccio Robert A,2025-08-25,29.69,0.11346857,0.21108145
0,0,0,0,0,0,0,1,0,0,0,0,0,0,1,0,1,0,0,0,0,0,0,1,0,0,0,0,0,0,0,0,0,0,0,0,0,1,0,0,1,FFAI,Wang Jiawei,2025-08-25,2.33,0.39896867,0.22179323
0,0,0,0,0,0,0,0,0,0,0,0,0,0,1,0,0,0,1,0,0,0,0,0,0,0,0,0,0,0,0,0,0,1,0,0,0,1,0,1,0,EBC,Rivers Robert Francis,2025-08-25,16.71,0.16285866,0.2958268
0,0,0,0,0,0,0,0,0,0,1,0,0,0,1,0,0,1,0,0,0,0,0,0,0,0,0,0,0,0,0,0,0,0,0,1,0,0,0,0,1,ASA,"Saba Capital Management, L.P.",2025-08-25,36.51,0.81905705,0.55197245
1,0,0,0,0,0,0,0,0,0,0,0,0,0,1,0,0,0,1,0,0,0,0,0,0,0,0,0,0,0,0,0,0,1,0,0,0,0,0,1,0,EBC,SHEAHAN DENIS K,2025-08-25,16.71,0.381649,0.2527135
1,0,0,0,0,0,0,0,0,0,0,0,0,0,1,0,1,0,0,0,0,0,0,1,0,0,0,0,0,0,0,0,0,0,0,0,0,1,0,0,1,FFAI,Jia Yueting,2025-08-25,2.35,0.4362974,0.26163143
0,0,0,0,0,0,0,0,0,0,1,0,0,0,0,0,0,1,0,0,0,0,0,0,0,0,0,0,0,1,0,0,0,0,0,1,0,0,0,1,1,SHEN,"ECP ControlCo, LLC",2025-08-25,13.1,0.8006103,0.56221855
0,1,0,0,0,0,0,0,0,0,0,0,0,0,0,0,0,0,1,0,0,0,0,0,0,0,0,0,0,0,0,0,0,1,0,0,0,0,0,0,1,COTY,Mercier Laurent,2025-08-25,3.96,0.20516394,0.08742078
0,0,0,0,0,0,0,0,0,0,0,1,0,0,1,0,0,1,0,0,0,0,0,0,0,0,0,1,0,0,0,0,0,0,0,1,0,0,0,1,1,MLP,CASE STEPHEN M,2025-08-25,16.99,0.9289788,0.72290784
0,0,0,0,0,0,0,0,0,0,1,0,0,0,1,0,0,0,1,0,0,0,0,0,0,1,0,0,0,0,0,0,0,0,0,1,0,0,0,1,1,REZI,"CD&R Channel Holdings II, L.P.",2025-08-25,33.95,0.9160536,0.9271491
0,0,0,0,0,0,0,0,0,0,0,0,0,0,0,0,0,1,0,0,0,0,1,0,0,0,0,0,0,0,0,0,0,0,0,0,0,0,0,0,1,ENOV,Tandy Bradley J,2025-08-22,31.41,0.8449797,0.89683384
1,0,0,0,0,0,0,0,0,0,0,0,0,0,1,0,0,0,1,0,0,0,0,0,0,0,0,0,0,0,0,0,0,1,0,0,0,0,0,0,1,COTY,Nabi Sue,2025-08-22,3.92,0.49763232,0.2413782
0,0,0,0,0,0,0,0,0,0,0,0,0,0,0,0,0,0,1,0,0,0,0,0,0,0,0,0,0,0,0,0,0,1,0,0,0,0,0,0,1,COTY,Srinivasan Priya,2025-08-22,3.84,0.31686506,0.14053603
0,0,0,0,0,0,0,1,0,0,0,0,0,0,0,0,0,0,0,1,0,0,0,0,0,0,0,0,1,0,0,0,0,1,0,0,0,0,0,0,1,AMRZ,Hill Jaime,2025-08-22,49.59,0.9352475,0.78318435
0,0,0,0,0,0,0,0,0,0,0,0,0,0,1,0,1,0,0,0,0,0,0,0,1,0,0,0,0,0,0,0,0,0,0,0,0,0,0,0,1,INR,Arnold Zack David,2025-08-22,13.88,0.74845505,0.7507025
0,0,0,0,0,0,0,0,0,0,0,1,0,0,1,0,0,1,0,0,0,0,1,0,0,0,0,0,0,0,0,0,0,0,0,1,0,1,0,1,1,LAB,"Casdin Partners Master Fund, L",2025-08-22,1.26,0.83133656,0.12192883
0,0,0,0,0,0,0,0,0,0,0,1,0,0,1,0,1,0,0,0,0,1,0,0,0,0,0,0,0,0,0,0,0,1,0,0,0,0,0,0,1,SMRT,Pinczuk Ana G.,2025-08-22,1.48,0.9658721,0.9201417
0,0,0,0,0,0,0,0,0,0,0,1,0,0,0,0,0,1,0,0,0,0,0,0,0,1,0,0,0,0,0,0,0,0,0,0,0,0,0,0,1,SWIM,DELLAQUILA FRANK J,2025-08-22,8.24,0.8603104,0.7253216
0,0,0,0,0,0,0,0,0,0,0,1,0,1,0,0,1,0,0,0,0,0,0,0,1,0,0,0,0,0,0,0,0,0,0,1,0,0,0,1,1,INR,GRAY STEVEN D,2025-08-22,13.96,0.90634215,0.89606714
0,0,0,0,0,0,0,0,0,0,1,0,0,0,0,0,0,0,0,1,0,0,0,0,1,0,0,0,0,0,0,0,0,0,0,0,0,0,0,1,0,TPL,HORIZON KINETICS ASSET MANAGEM,2025-08-22,901.92,0.28435588,0.043852735
0,0,0,0,0,0,0,0,0,0,0,1,0,0,1,0,0,1,0,0,0,0,0,0,0,0,0,1,0,0,0,0,0,0,0,1,0,0,0,1,1,MLP,CASE STEPHEN M,2025-08-22,16.52,0.9289788,0.72290784
0,0,0,0,0,0,0,0,0,0,1,0,0,0,0,0,0,1,0,0,0,0,0,0,0,0,0,0,0,1,0,0,0,0,0,1,0,0,0,1,1,SHEN,"ECP ControlCo, LLC",2025-08-22,13.09,0.8006103,0.56221855
0,0,0,0,1,0,0,0,0,0,0,0,0,1,0,0,1,0,0,0,0,0,0,0,0,0,0,0,0,0,0,0,0,0,0,1,0,1,0,1,0,TPVG,Srivastava Sajal,2025-08-22,6.44,0.26988026,0.07350412
0,0,0,0,0,0,0,0,0,0,0,1,0,0,0,0,0,1,0,0,0,0,1,0,0,0,0,0,0,0,0,0,0,0,0,0,0,0,0,1,0,DVAX,Myers Scott Dunseth,2025-08-22,10.82,0.9284012,0.702025
1,0,0,0,0,0,0,0,0,0,0,0,0,1,0,0,1,0,0,0,0,0,0,0,0,0,0,0,0,0,0,0,0,0,0,1,0,1,0,1,0,TPVG,Labe James,2025-08-22,6.44,0.26836476,0.11842648
0,0,0,0,0,0,0,0,1,0,0,0,0,0,0,0,0,0,1,0,0,0,1,0,0,0,0,0,0,0,0,0,0,1,0,0,0,0,0,0,1,PRGO,Willis Robert,2025-08-22,24.1,0.8719343,0.879676
0,0,0,0,0,0,0,0,0,0,1,0,0,0,0,0,0,1,0,0,0,0,0,0,0,0,0,0,0,1,0,0,0,0,0,1,0,0,0,1,1,SHEN,"ECP Fiber Holdings GP, LLC",2025-08-22,13.09,0.8006103,0.56221855
0,0,0,0,0,0,0,0,0,0,1,0,0,0,1,0,0,1,0,0,0,0,0,0,0,0,0,0,0,0,0,0,0,0,0,1,0,0,0,0,1,ASA,"Saba Capital Management, L.P.",2025-08-22,35.97,0.81905705,0.55197245
0,0,0,0,0,0,0,0,0,0,0,0,0,0,0,0,0,1,0,0,0,0,0,0,0,0,0,0,0,0,0,0,0,0,0,0,0,0,0,0,1,MBIN,Thomas Darin L.,2025-08-22,29.71,0.29515752,0.18769118
0,0,0,0,0,0,0,0,0,0,1,0,0,0,1,0,0,0,1,0,0,0,0,0,0,1,0,0,0,0,0,0,0,0,0,1,0,0,0,1,1,REZI,"CD&R Channel Holdings II, L.P.",2025-08-22,33.41,0.9160536,0.9271491
0,0,0,0,0,0,0,0,0,0,0,1,0,0,0,0,0,1,0,0,0,0,0,0,0,0,0,0,0,0,0,0,0,0,0,0,0,0,0,0,1,CIVB,Weaks Nathan E,2025-08-21,19.85,0.4636908,0.09681982
1,0,0,0,0,0,0,0,0,0,0,0,0,0,1,0,1,0,0,0,0,0,0,0,0,0,0,1,0,0,0,0,0,0,0,0,0,0,0,1,1,CLPR,BISTRICER DAVID,2025-08-21,4.01,0.8476106,0.6261722
1,0,0,0,0,0,0,0,0,0,0,0,0,0,0,0,0,1,0,0,0,0,0,0,0,1,0,0,0,0,0,0,0,1,0,0,0,0,0,0,1,AEBI,Fruithof Barend Gerrit,2025-08-21,11.65,0.8041471,0.8873356
0,0,0,0,0,0,0,0,0,0,0,1,0,0,1,0,0,1,0,0,0,0,0,0,0,0,0,0,0,1,0,0,0,0,0,1,0,0,0,1,1,GLIBK,MALONE JOHN C,2025-08-21,35.98,0.8363851,0.59715164
0,0,0,0,0,0,0,0,0,0,0,1,0,1,0,0,1,0,0,0,0,0,0,0,1,0,0,0,0,0,0,0,0,1,0,1,0,0,0,1,1,INR,GRAY STEVEN D,2025-08-21,13.75,0.9499793,0.9663241
1,0,0,0,0,0,0,0,0,0,0,0,0,0,1,0,0,0,1,0,0,0,0,0,0,0,0,0,0,0,0,0,0,0,0,0,0,0,0,0,1,WU,McGranahan Devin,2025-08-21,8.49,0.73980737,0.56350756
0,0,0,0,0,0,0,0,0,0,1,0,0,0,0,0,0,0,0,1,0,0,0,0,1,0,0,0,0,0,0,0,0,0,0,0,0,0,0,1,0,TPL,HORIZON KINETICS ASSET MANAGEM,2025-08-21,888.65,0.28435588,0.043852735
0,1,0,0,0,0,0,0,0,0,0,0,0,0,1,0,0,1,0,0,0,0,0,1,0,0,0,0,0,0,0,0,0,0,0,0,0,0,0,0,1,DIN,Chang Vance YuWen,2025-08-21,21.1,0.69154984,0.42331833
0,0,0,0,0,0,0,0,0,0,0,1,0,0,0,0,0,0,0,1,0,0,0,0,1,0,0,0,0,0,0,0,0,0,1,0,0,0,0,1,0,TPL,OLIVER ERIC L,2025-08-21,881.27,0.14045835,0.20184152
1,0,0,0,0,0,0,0,0,0,0,0,0,1,0,0,1,0,0,0,0,0,0,0,0,0,0,0,0,0,0,0,0,0,0,1,0,1,0,1,0,TPVG,Labe James,2025-08-21,6.3,0.26836476,0.11842648
0,0,0,0,1,0,0,0,0,0,0,0,0,1,0,0,1,0,0,0,0,0,0,0,0,0,0,0,0,0,0,0,0,0,0,1,0,1,0,1,0,TPVG,Srivastava Sajal,2025-08-21,6.3,0.26988026,0.07350412
0,0,0,0,0,0,0,0,0,0,0,0,0,0,1,0,0,1,0,0,0,0,0,0,1,0,0,0,0,0,0,0,0,0,0,1,0,0,1,0,1,GLP,Global GP LLC,2025-08-21,51.34,0.12221244,0.64648604
0,0,0,0,0,0,0,0,0,0,0,1,0,0,1,0,0,0,1,0,0,0,0,1,0,0,0,0,0,0,0,0,0,0,0,0,0,0,0,0,1,UAA,Sweeney Robert John,2025-08-21,4.88,0.9573659,0.882503
0,0,0,0,0,0,0,0,0,0,0,1,0,0,0,0,0,1,0,0,0,0,0,0,1,0,0,0,0,0,0,0,0,0,0,0,0,0,0,0,1,GRNT,MCCARTNEY JOHN,2025-08-21,5.3,0.4681652,0.27796018
0,0,0,0,0,0,0,0,0,0,0,1,0,0,0,0,0,0,1,0,0,0,1,0,0,0,0,0,0,0,0,0,0,1,0,0,0,0,0,0,1,OPCH,GOLDING DAVID W,2025-08-21,27.62,0.8362292,0.738452
0,0,0,0,0,0,0,0,0,0,0,1,0,0,1,0,0,0,1,0,0,0,1,0,0,0,0,0,0,0,0,0,0,1,0,0,0,0,0,0,1,OPCH,SULLIVAN TIMOTHY P,2025-08-21,27.51,0.8493434,0.7950503
0,0,0,0,0,0,0,0,0,0,0,1,0,0,1,0,0,1,0,0,0,0,0,0,0,0,0,1,0,0,0,0,0,0,0,1,0,0,0,1,1,MLP,CASE STEPHEN M,2025-08-21,16.15,0.9289788,0.72290784
0,0,0,0,0,0,0,0,0,0,1,0,0,0,0,0,0,1,0,0,0,0,0,0,0,0,0,0,0,0,0,0,0,0,0,1,0,0,0,0,1,ASA,"Saba Capital Management, L.P.",2025-08-21,35.05,0.87633884,0.49332786
0,0,0,0,0,0,0,0,0,0,1,0,0,0,1,0,0,1,0,0,0,0,0,0,0,0,0,0,0,1,0,0,0,0,0,1,0,0,0,1,1,SHEN,"ECP Fiber Holdings GP, LLC",2025-08-21,12.66,0.74400467,0.59631175
0,0,0,0,0,0,0,0,0,0,0,1,0,0,1,0,0,1,0,0,0,0,0,0,0,0,0,0,0,1,0,0,0,0,0,1,0,0,0,1,1,GLIBA,MALONE JOHN C,2025-08-21,35.98,0.8363851,0.59715164
0,0,0,0,0,0,0,0,0,0,1,0,0,1,0,0,0,0,1,0,0,0,0,0,0,1,0,0,0,0,0,0,0,0,0,1,0,0,0,1,1,REZI,"CD&R Channel Holdings II, L.P.",2025-08-21,32.16,0.95028764,0.9665286
0,0,0,0,0,0,0,0,0,0,0,1,0,0,1,0,1,0,0,0,0,0,0,0,0,0,0,0,0,1,0,0,0,1,0,1,0,0,1,1,0,STRZ,SLOAN HARRY,2025-08-21,12.98,0.917862,0.8941231
0,0,0,0,0,0,0,0,0,0,0,1,0,0,1,0,1,0,0,0,0,0,0,0,0,0,0,1,0,0,0,0,0,1,0,0,0,0,0,1,1,FVR,Green Robert S.,2025-08-21,13.18,0.9565464,0.8195726
0,0,0,0,0,0,0,0,0,0,0,1,0,0,1,0,0,0,1,0,0,1,0,0,0,0,0,0,0,0,0,0,0,0,0,1,1,1,0,1,1,ASAN,Moskovitz Dustin A.,2025-08-21,13.52,0.09549649,0.037926774
0,0,0,0,0,0,0,0,0,0,0,1,0,0,1,0,0,0,1,0,0,0,0,1,0,0,0,0,0,0,0,0,0,0,0,0,0,0,0,0,1,UA,Sweeney Robert John,2025-08-21,4.88,0.9573659,0.882503
0,0,0,0,0,0,0,0,0,0,0,1,0,1,0,0,1,0,0,0,0,0,0,0,0,0,0,1,0,0,0,0,0,0,0,1,0,0,0,1,1,MITT,Jozoff Matthew,2025-08-21,7.31,0.96425325,0.7683148
0,0,0,0,0,0,0,0,0,0,0,1,0,1,0,0,1,0,0,0,0,0,0,0,0,0,0,0,0,0,0,0,0,0,0,1,0,0,0,0,1,PCB,LEE SANG YOUNG,2025-08-21,21.55,0.9466346,0.5678146
0,0,0,0,0,0,0,0,0,0,1,0,0,0,1,0,0,1,0,0,0,0,0,0,0,0,0,0,0,1,0,0,0,0,0,1,0,0,0,1,1,SHEN,"ECP ControlCo, LLC",2025-08-21,12.66,0.74400467,0.59631175
0,0,0,0,0,0,0,0,0,0,0,1,0,0,1,0,0,0,1,0,0,0,1,0,0,0,0,0,0,0,0,0,0,0,0,0,0,0,0,1,1,AVTR,SUMME GREGORY L,2025-08-21,12.56,0.9706113,0.9600141
1,0,0,0,0,0,0,0,0,0,0,0,0,0,1,0,1,0,0,0,0,0,0,0,0,1,0,0,0,0,0,0,0,1,0,0,0,0,0,0,1,PEW,Nemati Marc A.,2025-08-20,5.34,0.973884,0.9788695
1,0,0,0,0,0,0,0,0,0,0,0,0,1,0,0,1,0,0,0,0,0,0,0,0,0,0,0,0,0,0,0,0,0,0,1,0,1,0,1,0,TPVG,Labe James,2025-08-20,6.2,0.26836476,0.11842648
1,0,0,0,0,0,0,0,0,0,0,0,0,0,1,0,0,1,0,0,0,0,0,0,0,0,0,0,0,0,0,0,0,0,0,0,0,0,0,0,1,GBLI,BROWN JOSEPH W,2025-08-20,30.0,0.34264177,0.60519326
1,0,0,0,0,0,0,0,0,0,0,0,0,0,1,0,1,0,0,0,0,0,0,0,0,0,0,1,0,0,0,0,0,1,0,0,0,0,0,0,1,FVR,Preston Stephen,2025-08-20,13.18,0.9261344,0.9174776
0,0,0,0,0,0,0,0,0,0,0,1,0,1,0,0,0,0,1,0,0,0,1,0,0,0,0,0,0,0,0,0,0,0,0,1,0,0,1,1,1,MDGL,BAKER BROS. ADVISORS LP,2025-08-20,385.16,0.9789676,0.9760835
0,0,0,0,0,0,0,0,0,0,1,0,0,1,0,0,0,0,1,0,0,0,0,0,0,1,0,0,0,0,0,0,0,0,0,1,0,0,0,1,1,REZI,"CD&R Channel Holdings II, L.P.",2025-08-20,31.94,0.95028764,0.9665286
0,0,0,0,0,0,0,0,0,0,0,1,0,0,0,0,1,0,0,0,0,0,0,0,0,0,0,0,0,0,0,0,0,0,0,1,0,0,0,0,1,PCB,LEE SANG YOUNG,2025-08-20,21.6,0.9089075,0.28125787
0,0,0,0,1,0,0,0,0,0,0,0,0,1,0,0,1,0,0,0,0,0,0,0,0,0,0,0,0,0,0,0,0,0,0,1,0,1,0,1,0,TPVG,Srivastava Sajal,2025-08-20,6.2,0.26988026,0.07350412
0,0,0,0,0,0,0,0,0,0,0,1,0,1,0,0,0,0,1,0,0,1,0,0,0,0,0,0,0,0,0,0,0,0,0,1,1,1,0,1,1,ASAN,Moskovitz Dustin A.,2025-08-20,13.62,0.15469837,0.16437857
0,0,0,0,0,0,0,0,0,0,1,0,0,0,1,0,0,1,0,0,0,0,0,0,0,0,0,0,0,1,0,0,0,0,0,1,0,0,0,1,1,SHEN,"ECP ControlCo, LLC",2025-08-20,12.52,0.74400467,0.59631175
0,0,0,0,0,0,0,0,0,0,0,0,0,0,1,0,0,1,0,0,0,0,0,0,1,0,0,0,0,0,0,0,0,0,0,1,0,0,1,0,1,GLP,Global GP LLC,2025-08-20,50.78,0.12221244,0.64648604
0,0,0,0,0,0,0,0,0,0,0,1,0,0,1,0,0,0,1,0,0,0,1,0,0,0,0,0,0,0,0,0,0,1,0,0,0,0,0,0,1,OPCH,KRAEMER HARRY M JANSEN JR,2025-08-20,27.15,0.8493434,0.7950503
0,0,0,0,0,0,0,0,0,0,0,1,0,0,0,0,0,0,1,0,0,0,1,0,0,0,0,0,0,0,0,0,0,1,0,0,0,0,0,0,1,OPCH,Pate R Carter,2025-08-20,27.19,0.8362292,0.738452
0,0,0,0,0,0,0,0,0,0,0,1,0,1,0,0,0,1,0,0,0,0,0,0,0,0,0,0,0,1,0,0,0,0,0,1,0,0,0,0,1,GLIBK,MALONE JOHN C,2025-08-20,35.88,0.97284085,0.6669441
0,0,0,0,0,0,0,1,0,0,0,0,0,0,0,0,1,0,0,0,0,0,0,0,0,0,0,0,0,0,0,0,0,0,0,0,0,0,0,0,1,LCNB,Mulligan Lawrence P Jr.,2025-08-20,15.19,0.6845285,0.21187146
0,0,0,0,0,0,0,0,0,0,0,1,0,0,1,0,1,0,0,0,0,0,0,0,0,0,0,1,0,0,0,0,0,0,0,1,0,0,0,1,0,MITT,Jozoff Matthew,2025-08-20,7.35,0.95621204,0.5530246
0,0,0,0,0,0,0,0,0,0,0,1,0,0,1,0,0,1,0,0,0,0,0,0,0,0,0,1,0,0,0,0,0,0,0,1,0,0,0,1,1,MLP,CASE STEPHEN M,2025-08-20,16.25,0.9289788,0.72290784
0,0,0,0,0,0,0,0,0,0,0,1,0,1,0,0,1,0,0,0,0,0,1,0,0,0,0,0,0,0,0,0,0,0,0,1,0,0,0,0,1,JYNT,Grandpre Christopher M,2025-08-20,10.41,0.9875853,0.9293252
1,0,0,0,0,0,0,0,0,0,0,0,0,0,0,0,0,0,1,0,0,0,0,0,1,0,0,0,0,0,0,0,0,0,0,0,0,0,0,0,1,BSM,Carter Thomas L Jr,2025-08-20,12.03,0.61642843,0.6039196
0,0,0,0,0,0,0,0,0,0,0,1,0,0,1,0,1,0,0,0,0,0,0,0,0,0,0,0,0,1,0,0,0,1,0,1,0,0,1,1,0,STRZ,SLOAN HARRY,2025-08-20,12.71,0.917862,0.8941231
0,0,0,0,0,0,0,0,0,0,0,1,0,1,0,0,1,0,0,0,0,0,0,0,1,0,0,0,0,0,0,0,0,1,0,1,0,0,0,1,1,INR,GRAY STEVEN D,2025-08-20,13.64,0.9499793,0.9663241
0,0,0,0,0,0,0,0,0,0,0,1,0,0,1,0,1,0,0,0,0,0,0,0,0,0,0,0,0,0,0,1,0,1,0,0,0,0,0,1,0,NXG,Mullins Andrea,2025-08-20,44.92,0.9781894,0.94993
0,1,0,0,0,0,0,0,0,0,0,0,0,0,0,0,1,0,0,0,0,0,0,0,0,0,0,0,0,0,0,1,0,1,0,0,0,0,0,1,0,NXG,Nelson Blake,2025-08-20,44.92,0.9410871,0.9204971
0,0,1,0,0,0,0,0,0,0,0,0,0,0,0,0,1,0,0,0,0,0,0,0,0,0,0,0,0,0,0,1,0,1,0,0,0,1,0,1,0,NXG,Sunderland Todd,2025-08-20,44.92,0.8548294,0.93023676
0,0,0,0,0,0,0,0,0,0,1,0,0,0,0,0,0,0,0,1,0,0,0,0,1,0,0,0,0,0,0,0,0,0,0,0,0,0,0,1,0,TPL,HORIZON KINETICS ASSET MANAGEM,2025-08-20,903.18,0.28435588,0.043852735
0,0,0,0,0,0,0,0,0,0,0,1,0,0,1,0,1,0,0,0,0,0,0,0,0,0,0,0,0,0,0,0,0,0,0,1,0,0,0,0,1,BPRN,TUCHMAN MARTIN,2025-08-20,33.0,0.8346229,0.43657923
0,0,0,0,0,0,0,0,0,0,0,1,0,1,0,0,0,1,0,0,0,0,0,0,0,0,0,0,0,1,0,0,0,0,0,1,0,0,0,0,1,GLIBA,MALONE JOHN C,2025-08-20,35.88,0.97284085,0.6669441
0,0,0,0,0,0,0,0,0,0,1,0,0,0,1,0,0,1,0,0,0,0,0,0,0,0,0,0,0,1,0,0,0,0,0,1,0,0,0,1,1,SHEN,"ECP Fiber Holdings GP, LLC",2025-08-20,12.52,0.74400467,0.59631175
0,1,0,0,0,0,0,0,0,0,0,0,0,0,0,0,0,1,0,0,0,0,1,0,0,0,0,0,0,0,0,0,0,1,0,0,0,0,0,0,1,ENOV,BERRY PHILLIP BENJAMIN (BEN),2025-08-20,29.71,0.9258716,0.9014865
0,0,0,0,0,0,0,0,0,0,0,1,0,1,0,0,0,1,0,0,0,0,0,0,0,0,0,0,0,1,0,0,0,0,0,1,0,0,0,0,1,GLIBA,MALONE JOHN C,2025-08-19,35.96,0.97284085,0.6669441
0,0,0,0,0,0,0,0,0,0,0,1,0,1,0,0,0,1,0,0,0,0,0,0,0,0,0,0,0,1,0,0,0,0,0,1,0,0,0,0,1,GLIBK,MALONE JOHN C,2025-08-19,35.96,0.97284085,0.6669441
0,0,0,0,0,0,0,0,0,0,1,0,0,0,1,0,0,1,0,0,0,0,0,0,0,0,0,0,0,1,0,0,0,0,0,1,0,0,0,1,1,SHEN,"ECP Fiber Holdings GP, LLC",2025-08-19,12.54,0.74400467,0.59631175
0,0,0,0,0,0,0,0,0,0,0,1,0,0,0,0,0,0,1,0,0,1,0,0,0,0,0,0,0,0,0,0,0,0,0,0,0,0,0,1,1,TTMI,Ali Wajid,2025-08-19,40.89,0.95496875,0.91509837
0,0,0,0,0,0,0,0,0,0,0,0,0,0,1,0,0,1,0,0,0,0,0,0,1,0,0,0,0,0,0,0,0,0,0,1,0,0,1,0,1,GLP,Global GP LLC,2025-08-19,50.53,0.12221244,0.64648604
0,0,0,0,0,0,0,0,0,0,1,0,0,0,1,0,0,1,0,0,0,0,0,0,0,0,0,0,0,1,0,0,0,0,0,1,0,0,0,1,1,SHEN,"ECP ControlCo, LLC",2025-08-19,12.54,0.74400467,0.59631175
0,0,0,0,0,0,0,0,0,0,1,0,0,1,0,0,0,0,1,0,0,0,0,0,0,1,0,0,0,0,0,0,0,0,0,1,0,0,0,1,1,REZI,"CD&R Channel Holdings II, L.P.",2025-08-19,32.41,0.95028764,0.9665286
0,0,0,0,0,0,0,0,0,0,0,1,0,1,0,0,0,0,1,0,0,0,0,0,0,0,0,0,0,0,0,0,0,0,0,0,0,0,0,0,1,POST,STIRITZ WILLIAM P,2025-08-19,109.53,0.9312217,0.5518418
0,0,0,0,0,0,0,0,0,0,0,1,0,0,0,0,0,0,1,0,0,0,0,0,0,0,0,0,0,0,0,0,0,0,0,0,0,0,0,0,1,PLMR,Taketa Richard H,2025-08-19,120.76,0.85446745,0.30947772
0,0,0,0,0,0,0,0,0,0,0,1,0,0,1,0,1,0,0,0,0,0,0,0,0,1,0,0,0,0,0,0,0,1,0,0,0,0,0,0,1,PEW,Reisdorf Kelly L,2025-08-19,5.32,0.98427826,0.9784495
0,0,0,0,0,0,0,0,0,0,0,1,0,0,1,0,1,0,0,0,0,0,0,0,0,1,0,0,0,0,0,0,0,1,0,0,0,0,0,1,1,PEW,Cox Chris W.,2025-08-19,5.11,0.9824086,0.9496727
0,0,0,0,0,0,0,0,0,0,0,1,0,0,1,0,1,0,0,0,0,1,0,0,0,0,0,0,0,0,0,0,0,1,0,1,0,0,0,0,1,SMRT,Bohjalian Thomas N,2025-08-19,1.5,0.98716927,0.9624484
0,0,0,0,0,0,0,0,0,0,0,0,0,0,1,0,1,0,0,0,0,0,0,0,0,0,0,0,0,1,0,0,0,1,0,0,0,0,1,0,1,STRZ,Hirsch Jeffrey,2025-08-19,12.78,0.84233093,0.9075876
1,0,0,0,0,0,0,0,0,0,0,0,0,0,0,0,0,0,1,0,0,0,0,0,1,0,0,0,0,0,0,0,0,0,0,0,0,0,0,1,0,MTDR,Foran Joseph Wm,2025-08-19,46.25,0.52033955,0.8292251
0,0,0,0,0,0,0,0,0,0,0,1,0,0,1,0,1,0,0,0,0,0,0,0,0,0,0,0,0,1,0,0,0,1,0,0,0,0,0,0,1,STRZ,Mann Bruce,2025-08-19,12.67,0.95178396,0.8999258
0,0,0,0,0,0,0,0,0,0,0,1,0,0,1,0,1,0,0,0,0,0,0,0,0,0,0,0,0,1,0,0,0,1,0,1,0,0,1,1,0,STRZ,SLOAN HARRY,2025-08-19,12.550000000000002,0.917862,0.8941231
0,0,0,0,0,0,0,0,0,0,0,1,0,0,1,0,0,1,0,0,0,0,0,0,0,0,0,1,0,0,0,0,0,0,0,1,0,0,0,1,1,MLP,CASE STEPHEN M,2025-08-19,16.68,0.9289788,0.72290784
0,1,0,0,0,0,0,0,0,0,0,0,0,0,0,0,0,0,1,0,0,0,0,0,0,1,0,0,0,0,0,0,0,0,0,0,0,0,0,1,0,MDU,Vollmer Jason L,2025-08-19,16.27,0.86134183,0.8750736
0,0,0,0,0,0,0,0,0,0,1,0,0,0,0,0,0,0,0,1,0,0,0,0,1,0,0,0,0,0,0,0,0,0,0,0,0,0,0,1,0,TPL,HORIZON KINETICS ASSET MANAGEM,2025-08-19,893.05,0.28435588,0.043852735
0,0,0,0,0,0,0,0,0,0,0,1,0,0,1,0,0,1,0,0,0,0,0,0,1,0,0,0,0,0,0,0,0,0,0,0,0,0,0,1,0,HNRG,Wesley Charles Ray IV,2025-08-19,15.27,0.53584456,0.41494834
0,0,0,0,0,0,1,0,0,0,0,0,0,0,0,0,0,0,0,1,0,0,0,0,0,0,0,1,0,0,0,0,0,0,0,0,0,0,0,1,1,LINE,Marchetti Kevin Patrick,2025-08-19,40.44,0.3208038,0.09355203
0,0,0,0,0,0,0,0,0,0,0,1,0,0,0,0,0,1,0,0,0,0,1,0,0,0,0,0,0,0,0,0,0,0,0,0,0,0,0,0,1,ZVRA,Bode John B,2025-08-19,9.16,0.8903533,0.6832072
0,0,0,0,0,0,0,0,0,0,0,1,0,1,0,0,0,0,1,0,0,1,0,0,0,0,0,0,0,0,0,0,0,0,0,1,0,1,0,1,1,ASAN,Moskovitz Dustin A.,2025-08-19,13.85,0.3074493,0.23956965
0,0,0,0,0,0,0,0,1,0,0,0,0,0,1,0,1,0,0,0,0,0,0,0,0,0,0,0,0,0,0,0,0,0,0,0,0,1,0,1,0,CBAN,Bateman Leonard H JR,2025-08-19,16.4,0.15644287,0.08477199
0,0,0,0,0,0,0,0,0,0,0,1,0,0,0,0,0,1,0,0,0,0,0,0,0,0,0,0,0,0,0,0,0,0,0,0,0,0,0,0,1,BFC,Stayer-Suprick Michael S,2025-08-19,122.67,0.4636908,0.09681982
0,0,0,0,0,0,0,0,0,0,0,1,0,0,1,0,1,0,0,0,0,0,0,0,0,0,0,0,0,0,0,0,0,0,0,1,0,0,0,0,1,BPRN,TUCHMAN MARTIN,2025-08-19,32.9,0.8346229,0.43657923
1,0,0,0,0,0,0,0,0,0,0,0,0,0,1,0,0,1,0,0,0,0,0,1,0,0,0,0,0,0,0,0,0,0,0,0,0,0,0,0,1,DIN,Peyton John W.,2025-08-19,22.11,0.72661567,0.8233494
0,0,0,0,0,0,0,0,0,0,0,1,0,0,0,0,0,0,0,1,0,0,1,0,0,0,0,0,0,0,0,0,0,0,0,0,0,0,0,0,1,ELV,DeVore Susan D.,2025-08-19,312.15,0.72546595,0.24089564
0,1,0,0,0,0,0,0,0,0,0,0,0,0,0,0,0,1,0,0,0,0,0,0,0,0,0,0,0,1,0,0,0,0,0,0,0,0,0,0,1,ATEX,Gray Timothy,2025-08-19,22.07,0.59271777,0.27095902
0,0,0,0,0,0,0,0,0,0,0,1,0,0,0,0,0,0,0,1,0,0,0,1,0,0,0,0,0,0,0,0,0,0,0,0,0,0,0,0,1,AMCR,STERRETT STEPHEN E,2025-08-19,8.55,0.4452036,0.15845904
0,0,0,0,0,0,1,0,0,0,0,0,0,0,0,0,0,0,1,0,0,0,0,0,0,0,0,1,0,0,0,0,0,0,0,0,0,0,0,1,1,APLE,KNIGHT GLADE M,2025-08-19,12.29,0.8372574,0.8261335
1,0,0,0,0,0,0,0,0,0,0,0,0,0,0,0,0,0,1,0,0,0,0,0,1,0,0,0,0,0,0,0,0,0,0,0,0,0,0,0,1,BSM,Carter Thomas L Jr,2025-08-19,11.97,0.61642843,0.6039196
0,0,0,0,0,0,0,0,0,0,1,0,0,0,1,0,0,1,0,0,0,0,0,0,0,0,0,0,0,0,0,0,0,0,0,1,0,0,0,0,1,ASA,"Saba Capital Management, L.P.",2025-08-19,33.99,0.81905705,0.55197245
0,0,0,0,0,0,0,1,0,0,0,0,0,0,0,0,0,1,0,0,0,0,0,0,0,1,0,0,0,0,0,0,0,1,0,0,0,0,0,0,1,AEBI,Schewerda Steffen,2025-08-19,12.18,0.91458815,0.88485074
0,0,0,0,0,0,0,0,0,0,0,1,0,0,0,0,0,0,0,1,0,0,0,0,0,1,0,0,0,0,0,0,0,0,0,0,0,0,0,0,1,BA,Buckley Mortimer J,2025-08-19,226.1,0.5890834,0.21938926
0,1,0,0,0,0,0,0,0,0,0,0,0,0,0,0,1,0,0,0,0,0,0,1,0,0,0,0,0,0,0,0,0,0,0,0,0,0,0,0,1,ELA,DeLuca John Garrett,2025-08-19,7.09,0.8696728,0.55162525
0,0,0,0,0,0,0,0,0,0,1,0,0,0,1,0,0,1,0,0,0,0,0,0,0,0,0,0,0,1,0,0,0,1,0,1,0,0,0,1,1,SHEN,"ECP Fiber Holdings GP, LLC",2025-08-18,12.52,0.9538535,0.713699
0,0,0,0,0,0,0,0,0,0,0,1,0,1,0,0,0,1,0,0,0,0,0,0,0,0,0,0,0,1,0,0,0,0,0,1,0,0,0,0,1,GLIBK,MALONE JOHN C,2025-08-18,35.82,0.97284085,0.6669441
0,0,0,0,0,0,0,0,0,0,0,1,0,0,1,0,0,0,1,0,0,1,0,0,0,0,0,0,0,0,0,0,0,0,0,1,0,1,0,1,1,ASAN,Moskovitz Dustin A.,2025-08-18,14.12,0.16898488,0.06761615
1,0,0,0,0,0,0,0,0,0,0,0,0,0,1,0,0,1,0,0,0,0,0,1,0,0,0,0,0,0,0,0,0,0,0,0,0,0,0,0,1,RICK,LANGAN ERIC SCOTT,2025-08-18,36.74,0.72661567,0.8233494
0,0,0,0,0,0,0,0,0,0,0,0,0,0,1,0,0,1,0,0,0,0,0,0,1,0,0,0,0,0,0,0,0,0,0,1,0,0,1,0,1,GLP,Global GP LLC,2025-08-18,50.5,0.12221244,0.64648604
0,0,0,0,0,0,0,0,0,0,0,1,0,0,0,0,0,1,0,0,0,0,0,0,1,0,0,0,0,0,0,0,0,1,0,0,0,0,0,0,1,GRNT,MCCARTNEY JOHN,2025-08-18,5.25,0.4704262,0.34829012
0,0,0,0,0,0,0,0,0,0,0,1,0,0,0,0,0,0,1,0,0,0,1,0,0,0,0,0,0,0,0,0,0,1,0,0,0,0,0,1,0,PRGO,Parker Geoffrey M.,2025-08-18,22.97,0.79063815,0.8005806
0,0,0,0,0,0,0,0,0,0,0,1,0,0,1,0,1,0,0,0,0,0,0,0,0,0,0,0,1,0,0,0,0,0,0,0,0,0,0,0,1,MERC,WELTY LINDA J,2025-08-18,3.09,0.9233502,0.66152585
0,0,0,0,0,0,0,0,0,0,0,1,0,0,0,0,1,0,0,0,0,0,0,0,0,0,0,0,0,0,0,0,0,0,0,0,0,0,0,0,1,ISBA,Bourland Jill,2025-08-18,32.0,0.5931266,0.079702005
0,0,0,0,0,0,0,0,0,0,0,1,0,0,0,0,0,0,1,0,0,0,0,0,0,0,0,0,0,0,0,0,0,0,0,0,0,0,0,0,1,PLMR,Taketa Richard H,2025-08-18,121.14,0.85446745,0.30947772
0,0,0,0,0,0,0,0,0,0,0,1,0,0,1,0,0,0,1,0,0,0,0,1,0,0,0,0,0,0,0,0,0,1,0,0,0,0,0,0,1,UA,El-Erian Mohamed,2025-08-18,5.2,0.8053437,0.5288671
0,1,0,0,0,0,0,0,0,0,0,0,0,0,0,0,0,0,1,0,0,0,1,0,0,0,0,0,0,0,0,0,0,1,0,0,0,0,0,0,1,PRGO,Bezerra Eduardo Guarita,2025-08-18,22.74,0.7707033,0.80030245
0,0,0,0,0,0,0,0,0,0,0,1,0,0,0,0,0,1,0,0,0,0,0,0,0,0,0,0,0,0,0,0,0,0,0,0,0,0,0,0,1,MBWM,RAMAKER DAVID B,2025-08-18,46.71,0.4636908,0.09681982
1,0,0,0,0,0,0,0,0,0,0,0,0,0,1,0,0,1,0,0,0,0,0,0,0,1,0,0,0,0,0,0,0,0,0,1,0,0,1,1,1,HTLD,GERDIN MICHAEL J,2025-08-18,8.19,0.28588483,0.7835302
0,0,0,0,0,0,0,0,0,0,0,1,0,0,1,0,0,0,1,0,0,0,0,1,0,0,0,0,0,0,0,0,0,1,0,0,0,0,0,0,1,UAA,El-Erian Mohamed,2025-08-18,5.2,0.8053437,0.5288671
0,0,0,0,0,0,0,0,0,0,0,1,0,1,0,0,0,1,0,0,0,0,0,0,0,0,0,0,0,1,0,0,0,0,0,1,0,0,0,0,1,GLIBA,MALONE JOHN C,2025-08-18,35.82,0.97284085,0.6669441
0,0,1,0,0,0,0,0,0,0,0,0,0,0,0,0,0,0,0,1,0,0,0,0,1,0,0,0,0,0,0,0,0,0,0,0,0,0,0,0,1,EXE,Viets Joshua J.,2025-08-18,92.16,0.1357149,0.08130281
0,0,0,0,0,0,0,0,0,0,1,0,0,0,1,0,0,0,1,0,0,0,0,0,0,1,0,0,0,0,0,0,0,0,0,1,0,0,0,1,1,REZI,"CD&R Channel Holdings II, L.P.",2025-08-18,31.66,0.9160536,0.9271491
0,0,0,0,0,0,0,0,0,0,1,0,0,0,0,0,0,0,0,1,0,0,0,0,1,0,0,0,0,0,0,0,0,0,0,0,0,0,0,1,0,TPL,HORIZON KINETICS ASSET MANAGEM,2025-08-18,893.14,0.28435588,0.043852735
0,0,0,0,0,0,0,0,0,0,0,1,0,0,0,0,0,1,0,0,0,0,0,0,0,0,0,0,0,0,0,0,0,0,0,0,0,0,0,0,1,CIVB,Weaks Nathan E,2025-08-18,19.95,0.4636908,0.09681982
0,1,0,0,0,0,0,0,0,0,0,0,0,0,0,0,0,0,1,0,0,0,0,0,0,0,0,0,0,0,0,0,0,0,0,0,0,0,0,0,1,WU,Cagwin Matthew,2025-08-18,8.36,0.52687985,0.2626547
0,0,0,0,0,0,0,0,0,0,0,1,0,0,1,0,0,1,0,0,0,0,0,0,1,0,0,0,0,0,0,0,0,0,0,0,0,0,0,0,1,SD,INTRIERI VINCENT J,2025-08-18,10.96,0.42740065,0.50223935
1,0,0,0,0,0,0,0,0,0,0,0,0,0,0,0,0,1,0,0,0,0,0,0,0,1,0,0,0,0,0,0,0,1,0,0,0,0,0,0,1,AEBI,Schroeder Henning,2025-08-18,12.06,0.8041471,0.8873356
0,0,0,0,0,0,0,0,0,0,1,0,0,0,1,0,0,1,0,0,0,0,0,0,0,0,0,0,0,1,0,0,0,1,0,1,0,0,0,1,1,SHEN,"ECP ControlCo, LLC",2025-08-18,12.52,0.9538535,0.713699
1,0,0,0,0,0,0,0,0,0,0,0,0,0,1,0,0,1,0,0,0,0,0,0,0,0,1,0,0,0,0,0,0,0,0,1,0,0,0,0,1,OPAL,Comora Adam,2025-08-18,2.32,0.6929895,0.7189915
0,1,0,0,0,0,0,0,0,0,0,0,0,0,0,0,0,1,0,0,0,0,0,1,0,0,0,0,0,0,0,0,0,0,0,0,0,0,1,1,0,KFS,Hansen Kent A,2025-08-18,14.16,0.5438881,0.2713045
0,0,0,0,0,0,0,0,0,0,0,1,0,0,0,0,0,0,0,1,0,0,0,0,0,0,0,0,0,0,0,0,0,0,0,0,0,0,0,0,1,BG,Mahoney Christopher,2025-08-18,81.73,0.18356258,0.01857031
1,0,0,0,0,0,0,0,0,0,0,0,0,0,0,0,0,1,0,0,0,0,0,1,0,0,0,0,0,0,0,0,0,0,0,0,0,0,1,1,0,KFS,Fitzgerald John Taylor Maloney,2025-08-18,14.159999999999998,0.5069026,0.48459908
0,0,0,0,0,0,0,0,0,0,0,1,0,0,1,0,1,0,0,0,0,1,0,0,0,0,0,0,0,0,0,0,0,1,0,0,0,0,0,0,1,SMRT,DORMAN JOHN C,2025-08-18,1.53,0.9658721,0.9201417
0,0,0,0,0,0,0,0,0,0,0,1,0,0,1,0,1,0,0,0,0,1,0,0,0,0,0,0,0,0,0,0,0,1,0,1,0,0,0,0,1,SMRT,Bohjalian Thomas N,2025-08-18,1.49,0.98716927,0.9624484
0,0,0,0,0,0,0,0,0,0,0,1,0,0,1,0,1,0,0,0,0,0,1,0,0,0,0,0,0,0,0,0,0,0,0,1,0,0,0,0,1,JYNT,Grandpre Christopher M,2025-08-18,10.7,0.9603073,0.881711
0,0,0,0,0,0,0,0,0,0,0,1,0,0,0,0,0,0,0,1,0,1,0,0,0,0,0,0,0,0,0,0,0,0,0,0,0,0,0,0,1,IT,GUTIERREZ JOSE M,2025-08-18,239.8,0.39148414,0.21483807
0,0,0,0,0,0,0,0,0,0,1,0,0,0,0,0,0,1,0,0,0,0,0,0,0,0,0,0,0,0,0,0,0,0,0,1,0,0,0,0,1,ASA,"Saba Capital Management, L.P.",2025-08-18,34.46,0.87633884,0.49332786
0,0,0,0,0,0,0,0,0,0,0,1,0,0,0,0,0,0,1,0,0,1,0,0,0,0,0,0,0,0,0,0,0,0,0,0,0,0,0,1,1,TTMI,Ali Wajid,2025-08-18,41.75,0.95496875,0.91509837
0,0,0,0,0,0,0,0,0,0,0,1,0,0,0,0,0,1,0,0,0,0,0,0,0,0,0,0,0,0,0,0,0,0,0,0,0,0,0,0,1,PFIS,LOCHEN RICHARD S JR,2025-08-15,50.1,0.4636908,0.09681982
0,0,0,0,0,0,0,0,0,0,0,1,0,0,0,0,0,0,0,1,0,0,0,0,1,0,0,0,0,0,0,0,0,0,1,0,0,0,0,1,0,TPL,OLIVER ERIC L,2025-08-15,895.0,0.14045835,0.20184152
0,0,0,0,0,0,0,0,0,0,0,0,0,0,0,0,0,1,0,0,0,0,0,0,0,0,0,0,1,0,0,0,0,1,0,0,0,0,0,0,1,KRO,McCoy Kristin B,2025-08-15,6.05,0.9479118,0.9277763
0,0,0,0,0,0,0,0,0,0,0,1,0,0,1,0,0,0,1,0,0,1,0,0,0,0,0,0,0,0,0,0,0,0,0,1,0,1,0,1,1,ASAN,Moskovitz Dustin A.,2025-08-15,13.98,0.16898488,0.06761615
0,0,0,0,0,0,0,0,0,0,0,1,0,0,1,0,0,1,0,0,0,0,1,0,0,0,0,0,0,0,0,0,0,0,0,1,0,1,0,1,1,LAB,"Casdin Partners Master Fund, L",2025-08-15,1.22,0.83133656,0.12192883
0,0,0,0,0,0,0,0,0,0,0,0,0,0,0,0,0,0,0,1,0,0,0,0,0,0,0,0,1,0,0,0,0,1,0,0,0,0,0,0,1,AMRZ,Clark Stephen S,2025-08-15,51.82,0.9352475,0.78318435
0,1,0,0,0,0,0,0,0,0,0,0,0,0,0,0,0,0,0,0,1,0,1,0,0,0,0,0,0,0,0,0,0,1,0,0,0,0,0,0,1,LLY,Montarce Lucas,2025-08-15,691.79,0.9275821,0.95546913
1,0,0,0,0,0,0,0,0,0,0,0,0,0,0,0,0,1,0,0,0,0,0,0,0,1,0,0,0,0,0,0,0,0,0,1,0,0,1,1,1,HTLD,GERDIN MICHAEL J,2025-08-15,8.2,0.4414302,0.7269964
0,0,0,0,0,0,0,0,0,0,0,1,0,0,0,0,0,0,1,0,0,0,0,0,0,0,0,0,0,0,0,0,0,0,0,0,0,0,0,0,1,PNFP,BURNS GREGORY L,2025-08-15,92.5,0.85446745,0.30947772
0,0,0,0,0,0,0,0,0,0,1,0,0,0,0,0,0,0,0,1,0,0,0,0,1,0,0,0,0,0,0,0,0,0,0,0,0,0,0,1,0,TPL,HORIZON KINETICS ASSET MANAGEM,2025-08-15,894.93,0.28435588,0.043852735
0,0,0,0,0,0,0,0,0,0,0,1,0,0,0,0,0,1,0,0,0,0,0,0,0,1,0,0,0,0,0,0,0,0,0,0,0,0,0,0,1,NSP,CLIFFORD TIM,2025-08-15,51.7,0.8603104,0.7253216
1,0,0,0,0,0,0,0,0,0,0,0,0,0,0,0,0,0,0,1,0,0,0,0,1,0,0,0,0,0,0,0,0,0,0,0,0,0,0,0,1,EXE,DELL'OSSO DOMENIC J JR,2025-08-15,95.86,0.088805474,0.11798662
0,0,0,0,0,0,0,0,0,0,0,1,0,0,0,0,0,1,0,0,0,0,0,0,0,0,0,0,0,0,0,0,0,1,0,0,0,1,0,0,0,GABC,Ellspermann Susan J,2025-08-15,39.74,0.40906262,0.4033931
0,0,0,0,0,0,0,0,0,0,0,1,0,0,0,0,0,0,1,0,0,0,0,0,0,0,1,0,0,0,0,0,0,0,0,0,0,1,0,0,0,MGEE,Berbee James G,2025-08-15,83.83,0.1639771,0.7477227
0,0,0,0,0,0,0,0,0,0,0,1,0,0,0,0,0,1,0,0,0,0,0,0,0,0,0,0,0,0,0,0,0,1,0,0,0,1,0,0,0,GABC,Bawel Zachary W,2025-08-15,39.74,0.40906262,0.4033931
0,0,0,0,0,0,0,0,0,0,0,1,0,0,0,0,0,1,0,0,0,0,0,0,0,0,0,0,0,0,0,0,0,1,0,0,0,1,0,0,0,GABC,Seger Andrew M,2025-08-15,39.74,0.40906262,0.4033931
0,0,0,0,0,0,0,0,0,0,0,1,0,0,1,0,1,0,0,0,0,0,0,0,0,0,0,1,0,0,0,0,0,1,0,0,0,0,0,0,1,FVR,FRANK ELIZABETH F,2025-08-15,12.44,0.9483016,0.87395114
0,0,0,0,0,0,0,0,0,0,0,1,0,0,0,0,0,0,1,0,0,0,0,0,0,0,0,0,0,0,0,0,0,0,0,0,0,1,0,0,0,FSK,Adams Barbara,2025-08-15,17.52,0.1639771,0.59397364
1,0,0,0,0,0,0,0,0,0,0,0,0,0,1,0,0,1,0,0,0,0,0,0,0,0,1,0,0,0,0,0,0,0,0,1,0,0,0,0,1,OPAL,Comora Adam,2025-08-15,2.3,0.6929895,0.7189915
0,0,0,0,0,0,0,1,0,0,0,0,0,0,0,0,0,0,0,1,0,0,0,0,0,0,0,0,1,0,0,0,0,1,0,0,0,0,0,0,1,AMRZ,Hill Jaime,2025-08-15,51.99,0.9352475,0.78318435
1,0,0,0,0,0,0,0,0,0,0,0,0,0,1,0,0,1,0,0,0,0,0,0,0,0,0,1,0,0,0,0,0,0,0,0,0,0,0,0,1,GMRE,Decker Mark Okey Jr,2025-08-15,6.856530394251311,0.62297094,0.83637315
0,0,0,0,0,0,0,0,0,0,0,0,0,0,0,0,1,0,0,0,0,0,0,0,0,0,0,0,0,0,0,0,0,0,0,0,0,0,0,1,0,CBAN,Canup Edward G,2025-08-15,16.43,0.45548218,0.11232727
0,0,0,0,0,0,0,0,0,0,0,1,0,0,0,0,0,1,0,0,0,0,0,0,1,0,0,0,0,0,0,0,0,1,0,0,0,0,0,0,1,GRNT,MCCARTNEY JOHN,2025-08-15,5.3,0.4704262,0.34829012
0,0,0,0,0,0,0,0,0,0,1,0,0,1,0,0,0,0,1,0,0,0,0,0,0,1,0,0,0,0,0,0,0,0,0,1,0,0,0,1,1,REZI,"CD&R Channel Holdings II, L.P.",2025-08-15,31.42,0.95028764,0.9665286
0,0,0,0,0,0,0,0,0,0,0,1,0,0,0,0,0,1,0,0,0,0,0,0,0,0,0,0,0,0,0,0,0,1,0,0,0,1,0,0,0,GABC,Ryan Christina M,2025-08-15,39.74,0.40906262,0.4033931
0,0,0,0,0,0,0,0,0,0,0,1,0,0,0,0,0,1,0,0,0,0,0,0,0,0,0,0,0,0,0,0,0,0,0,0,0,1,0,0,0,CWBC,STOVESAND KIRK,2025-08-15,20.300000000000004,0.13733543,0.14466555
0,0,0,0,0,0,0,0,0,0,0,1,0,0,0,0,0,1,0,0,0,0,0,0,0,0,0,0,0,0,0,0,0,1,0,0,0,1,0,0,0,GABC,SHEIDLER JACK,2025-08-15,39.74,0.40906262,0.4033931
0,0,0,0,0,0,0,0,0,0,0,1,0,0,0,0,0,1,0,0,0,0,0,0,0,0,0,0,0,0,0,0,0,0,0,0,0,1,0,0,0,CWBC,LOKEY JAMES W,2025-08-15,20.3,0.13733543,0.14466555
0,0,0,0,0,0,0,0,0,0,1,0,0,0,1,0,0,1,0,0,0,0,0,0,0,0,0,0,0,0,0,0,0,0,0,1,0,0,0,0,1,ASA,"Saba Capital Management, L.P.",2025-08-15,34.53,0.81905705,0.55197245
0,0,0,0,0,0,0,0,0,0,0,1,0,0,1,0,0,0,1,0,0,0,0,1,0,0,0,0,0,0,0,0,0,1,0,0,0,0,0,1,1,LNW,Throsby Timothy,2025-08-14,89.37,0.76289654,0.50458866
1,0,0,0,0,0,0,0,0,0,0,0,0,0,1,0,0,1,0,0,0,0,0,0,0,1,0,0,0,0,0,0,0,0,0,0,0,1,0,1,1,KODK,CONTINENZA JAMES V,2025-08-14,5.74,0.19878258,0.19933434
0,0,1,0,0,0,0,0,0,0,0,0,0,0,1,0,0,1,0,0,0,0,0,0,0,1,0,0,0,0,0,0,0,0,0,0,0,0,0,0,1,TWI,NARANCICH MAX,2025-08-14,8.56,0.785775,0.8642519
0,0,0,0,0,0,0,0,0,0,0,1,0,0,1,0,0,1,0,0,0,0,0,0,0,1,0,0,0,0,0,0,0,0,0,0,0,0,1,1,0,KODK,Katz Philippe D,2025-08-14,5.67,0.5074654,0.3915367
0,1,0,0,0,0,0,0,0,0,0,0,0,0,1,0,0,0,1,0,0,0,0,1,0,0,0,0,0,0,0,0,0,0,0,0,0,0,0,0,1,VVV,WILLIS J KEVIN,2025-08-14,39.41,0.88189805,0.7637933
0,0,0,0,0,0,0,0,0,0,0,1,0,0,1,0,0,1,0,0,0,0,1,0,0,0,0,0,0,0,0,0,0,0,0,1,0,1,0,1,1,LAB,"Casdin Partners Master Fund, L",2025-08-14,1.21,0.83133656,0.12192883
0,0,0,0,0,0,0,0,0,0,0,1,0,0,0,0,0,0,1,0,0,0,0,0,0,0,0,0,1,0,0,0,0,0,0,0,0,0,0,0,1,CDE,Das Paramita,2025-08-14,11.57,0.9837675,0.8420274
0,0,0,0,0,0,0,0,0,0,1,0,0,1,0,0,0,0,1,0,0,0,0,0,0,1,0,0,0,0,0,0,0,0,0,1,0,0,0,1,1,REZI,"CD&R Channel Holdings II, L.P.",2025-08-14,31.89,0.95028764,0.9665286
0,0,0,0,0,0,0,0,0,0,0,1,0,0,0,0,0,0,0,1,0,0,0,0,1,0,0,0,0,0,0,0,0,0,1,0,0,0,0,1,0,TPL,OLIVER ERIC L,2025-08-14,915.0,0.14045835,0.20184152
0,0,0,0,0,0,0,0,0,0,1,0,0,0,1,0,0,1,0,0,0,0,0,0,0,0,0,0,0,0,0,0,0,0,0,1,0,0,0,0,1,ASA,"Saba Capital Management, L.P.",2025-08-14,33.89,0.81905705,0.55197245
0,0,0,0,0,0,0,0,0,0,0,1,0,0,0,0,0,0,0,1,0,0,0,0,1,0,0,0,0,0,0,0,0,0,0,0,0,0,0,1,0,PSX,HAYES GREGORY,2025-08-14,119.9,0.12384474,0.052110862
0,0,0,0,0,0,0,0,0,0,0,0,0,0,1,0,0,1,0,0,0,0,0,0,1,0,0,0,0,0,0,0,0,0,0,1,0,0,1,0,1,GLP,Global GP LLC,2025-08-14,50.99,0.12221244,0.64648604
0,0,0,0,0,0,0,0,0,0,0,1,0,0,0,0,0,0,1,0,0,0,0,0,0,0,0,1,0,0,0,0,0,0,0,0,0,0,0,0,1,RHP,BOLTON H ERIC JR,2025-08-14,95.33,0.9408395,0.5824635
1,0,0,0,0,0,0,0,0,0,0,0,0,0,0,0,0,1,0,0,0,0,0,0,0,1,0,0,0,0,0,0,0,0,0,1,0,0,1,1,1,HTLD,GERDIN MICHAEL J,2025-08-14,8.2,0.4414302,0.7269964
0,0,0,0,0,0,0,0,0,0,1,0,0,0,0,0,0,0,0,1,0,0,0,0,1,0,0,0,0,0,0,0,0,0,0,0,0,0,0,1,0,TPL,HORIZON KINETICS ASSET MANAGEM,2025-08-14,889.04,0.28435588,0.043852735
1,0,0,0,0,0,0,0,0,0,0,0,0,0,1,0,0,0,1,0,0,0,1,0,0,0,0,0,0,0,0,0,0,0,0,0,0,0,0,0,1,ICUI,Jain Vivek,2025-08-14,112.84,0.9441876,0.9492971
1,0,0,0,0,0,0,0,0,0,0,0,0,0,1,0,1,0,0,0,0,0,0,0,0,1,0,0,0,0,0,0,0,0,0,1,0,0,0,1,0,PKOH,CRAWFORD MATTHEW V,2025-08-14,20.04,0.8773361,0.6216819
0,0,0,0,0,0,0,0,0,0,0,1,0,0,0,0,0,0,0,1,0,0,0,0,0,0,0,1,0,0,0,0,0,0,0,0,0,0,0,0,1,SPG,STEWART MARTA R,2025-08-14,171.54,0.48606583,0.06340119
0,0,0,0,0,0,0,0,0,0,0,1,0,0,1,0,0,0,1,0,0,1,0,0,0,0,0,0,0,0,0,0,0,0,0,1,0,1,0,1,1,ASAN,Moskovitz Dustin A.,2025-08-14,13.77,0.16898488,0.06761615
0,0,0,0,0,0,0,0,0,0,0,1,0,0,0,0,1,0,0,0,0,0,0,0,0,0,0,0,0,1,0,0,0,0,0,0,0,0,0,1,0,TEAD,Krindel Yaffa,2025-08-14,1.82,0.843649,0.28817576
0,0,0,0,0,0,0,0,0,0,0,1,0,0,0,0,0,0,1,0,0,0,0,0,0,0,0,0,0,0,0,0,0,1,0,0,0,0,0,0,1,PRMB,Cramer Michael John,2025-08-14,24.46,0.3408379,0.10365074
0,0,0,0,0,0,0,0,0,0,0,1,0,0,1,0,1,0,0,0,0,0,0,0,1,0,0,0,0,0,0,0,0,0,0,0,0,0,0,0,1,INR,Poole David P,2025-08-14,13.51,0.5782237,0.5571774
0,0,0,0,0,0,0,0,0,0,0,1,0,1,0,0,1,0,0,0,0,0,0,0,1,0,0,0,0,0,0,0,0,0,0,1,0,0,0,1,1,AMPY,COGHILL CLINT D,2025-08-14,3.89,0.90634215,0.89606714
1,0,0,0,0,0,0,0,0,0,0,0,0,0,1,0,0,1,0,0,0,1,0,0,0,0,0,0,0,0,0,0,0,0,0,0,0,0,0,1,0,AIOT,Towe Steven Mark,2025-08-14,4.42,0.663745,0.8548015
0,0,0,0,0,0,0,0,0,0,0,1,0,0,1,0,0,1,0,0,0,0,0,0,1,0,0,0,0,0,0,0,0,0,0,0,0,0,0,1,0,NGS,HOLLEY JEAN K,2025-08-14,24.49,0.53584456,0.41494834
0,0,0,0,0,0,0,0,0,0,0,1,0,0,0,0,0,1,0,0,0,0,0,0,0,0,0,0,0,0,0,0,0,0,0,0,0,0,0,1,0,MOFG,Hauschildt Jennifer Leigh,2025-08-13,29.64,0.6017341,0.15268178
0,0,0,0,0,0,0,0,0,0,0,1,0,0,1,0,0,0,1,0,0,1,0,0,0,0,0,0,0,0,0,0,0,0,0,1,0,1,0,1,1,ASAN,Moskovitz Dustin A.,2025-08-13,13.660000000000002,0.16898488,0.06761615
0,0,0,0,0,0,0,0,0,0,0,1,0,0,0,0,0,0,0,0,1,0,1,0,0,0,0,0,0,0,0,0,0,1,0,0,0,0,0,1,0,LLY,Alvarez Ralph,2025-08-13,660.25,0.9593307,0.950497
0,0,0,0,0,0,0,0,0,0,0,1,0,0,0,0,0,1,0,0,0,0,0,0,0,1,0,0,0,0,0,0,0,0,0,0,0,0,0,0,1,ASLE,Fedder Judith Ann,2025-08-13,8.51,0.8603104,0.7253216
0,0,0,0,0,0,0,0,0,0,1,0,0,0,0,0,0,0,0,1,0,0,0,0,1,0,0,0,0,0,0,0,0,0,0,0,0,0,0,1,0,TPL,HORIZON KINETICS ASSET MANAGEM,2025-08-13,854.06,0.28435588,0.043852735
0,0,0,0,0,0,0,0,0,0,0,0,0,0,0,0,0,0,0,1,0,0,0,0,0,0,0,0,1,0,0,0,0,1,0,0,0,0,0,1,0,AMRZ,Gross Mario,2025-08-13,49.63,0.8988301,0.80248135
1,0,0,0,0,0,0,0,0,0,0,0,0,0,0,0,0,0,1,0,0,0,0,0,0,0,0,0,0,0,0,0,0,1,0,0,0,0,0,0,1,PRMB,Rietbroek Robbert,2025-08-13,24.12,0.3004056,0.11096974
0,0,0,0,0,0,0,1,0,0,0,0,0,0,0,0,0,0,0,1,0,0,0,0,0,0,0,0,0,0,0,0,0,0,0,0,0,1,0,1,0,SF,ZEMLYAK JAMES M,2025-08-13,116.0,0.033426587,0.057971798
0,0,0,0,0,0,0,0,0,0,0,1,0,0,1,0,0,0,1,0,0,0,0,1,0,0,0,0,0,0,0,0,0,1,0,0,0,0,0,0,1,UAA,Fitzpatrick Dawn N.,2025-08-13,4.93,0.8053437,0.5288671
0,0,0,0,0,0,0,0,0,0,0,0,0,0,1,0,0,1,0,0,0,0,0,0,1,0,0,0,0,0,0,0,0,0,0,1,0,0,1,0,1,GLP,Global GP LLC,2025-08-13,50.8,0.12221244,0.64648604
0,0,0,0,0,0,0,0,0,0,0,1,0,0,0,0,0,0,0,1,0,0,0,0,0,1,0,0,0,0,0,0,0,0,0,0,0,0,0,0,1,AXON,Partovi Hadi,2025-08-13,740.0,0.5890834,0.21938926
0,0,0,0,0,0,0,0,1,0,0,0,0,0,1,0,0,1,0,0,0,0,1,0,0,0,0,0,0,0,0,0,0,0,0,0,0,0,0,0,1,ENOV,PRYOR DANIEL A,2025-08-13,28.9,0.7589261,0.8734878
0,0,0,0,0,0,0,0,0,0,0,1,0,0,0,0,0,0,0,1,0,1,0,0,0,0,0,0,0,0,0,0,0,0,0,0,0,0,0,1,0,GEN,Chrystal John C,2025-08-13,32.1,0.44849676,0.4842076
0,0,0,0,0,0,0,0,0,0,0,1,0,1,0,0,0,1,0,0,0,0,1,0,0,0,0,0,0,0,0,0,0,0,0,0,0,0,0,1,0,AVNS,BLACKFORD GARY,2025-08-13,10.983333333333333,0.954527,0.85510933
0,0,0,0,0,0,0,0,0,0,0,1,0,0,1,0,0,0,1,0,0,0,0,1,0,0,0,0,0,0,0,0,0,1,0,0,0,0,0,0,1,UA,Fitzpatrick Dawn N.,2025-08-13,4.93,0.8053437,0.5288671
0,0,0,0,0,0,0,0,0,0,0,1,0,0,0,0,0,0,0,1,0,0,0,0,0,0,0,0,0,0,0,0,0,0,0,0,0,0,0,0,1,RF,Jenkins Roger W.,2025-08-13,25.48,0.18356258,0.01857031
0,0,0,0,0,0,0,0,0,0,0,1,0,0,0,0,0,0,0,1,0,0,0,0,0,1,0,0,0,0,0,0,0,0,0,0,0,0,0,0,1,VRSK,PERRY CHRISTOPHER JOHN,2025-08-13,259.8,0.5890834,0.21938926
0,0,0,0,0,0,0,0,0,0,0,0,0,0,0,0,0,1,0,0,0,0,0,0,0,0,0,0,0,0,0,0,0,1,0,0,0,0,0,0,1,GBLI,Balderston William V,2025-08-13,28.57,0.59284973,0.32586694
0,0,0,0,0,0,0,0,0,0,0,1,0,0,0,0,0,0,1,0,0,1,0,0,0,0,0,0,0,0,0,0,0,0,0,0,0,0,0,0,1,RAL,MOORTHY GANESH,2025-08-13,45.17,0.94684815,0.79190034
0,1,0,0,0,0,0,0,0,0,0,0,0,0,1,0,0,1,0,0,0,1,0,0,0,0,0,0,0,0,0,0,0,0,0,0,0,0,0,0,1,RAMP,Dillard Lauren R,2025-08-13,25.83,0.6260471,0.6141581
0,0,0,0,0,0,0,0,0,0,0,1,0,0,0,0,0,1,0,0,0,0,0,1,0,0,0,0,0,0,0,0,0,0,0,0,0,0,0,1,0,WINA,SPRENGER GINA DECARO,2025-08-13,410.77,0.8549694,0.51558656
0,0,0,0,0,0,0,0,0,0,0,0,0,0,0,0,0,0,1,0,0,0,0,1,0,0,0,0,0,0,0,0,0,1,0,0,0,0,0,1,0,UAA,Aumen Eric J,2025-08-13,4.89,0.5427874,0.5126954
1,0,0,0,0,0,0,0,0,0,0,0,0,0,1,0,1,0,0,0,0,0,0,0,0,1,0,0,0,0,0,0,0,0,0,1,0,0,0,1,0,PKOH,CRAWFORD MATTHEW V,2025-08-13,20.05,0.8773361,0.6216819
0,0,0,0,0,0,0,0,0,0,0,0,0,0,0,0,0,0,1,0,0,0,0,1,0,0,0,0,0,0,0,0,0,1,0,0,0,0,0,1,0,UA,Aumen Eric J,2025-08-13,4.89,0.5427874,0.5126954
0,0,0,0,0,0,0,0,0,0,0,1,0,0,0,0,0,1,0,0,0,0,1,0,0,0,0,0,0,0,0,0,0,0,0,0,0,0,0,1,0,CLOV,Loengard Anna U,2025-08-13,2.59,0.9284012,0.702025
0,0,0,0,0,0,0,0,0,0,0,1,0,0,0,0,0,0,1,0,0,0,0,0,0,0,0,1,0,0,0,0,0,0,0,0,0,0,0,0,1,HR,Bohjalian Thomas N,2025-08-13,16.46,0.9408395,0.5824635
0,0,0,0,0,0,1,0,0,0,0,0,0,0,1,0,0,0,1,0,0,0,0,0,0,0,0,1,0,0,0,0,0,0,0,0,0,0,0,1,1,RHP,REED COLIN V,2025-08-13,95.21,0.907706,0.8812821
0,0,0,0,0,0,0,1,0,0,0,0,0,0,0,0,0,1,0,0,0,0,0,0,0,0,0,0,1,0,0,0,0,1,0,0,0,0,0,0,1,KRO,NACE ANDREW B,2025-08-13,5.83,0.9479118,0.9277763
0,0,0,0,0,0,0,0,0,0,0,1,0,1,0,0,1,0,0,0,0,0,0,0,1,0,0,0,0,0,0,0,0,0,0,1,0,0,0,1,1,AMPY,COGHILL CLINT D,2025-08-13,3.879999999999999,0.90634215,0.89606714
0,0,0,0,0,0,0,0,0,0,0,1,0,0,0,0,0,1,0,0,0,0,0,1,0,0,0,0,0,0,0,0,0,1,0,0,0,0,0,1,0,SBH,Perelman Debra Golding,2025-08-13,13.48,0.87266403,0.65039414
0,0,0,0,0,0,0,0,0,0,0,1,0,0,1,0,0,0,1,0,0,0,1,0,0,0,0,0,0,0,0,0,0,0,0,0,0,0,0,0,1,PRCT,MOLL FREDERIC H,2025-08-13,39.26,0.95622575,0.9159635
0,0,0,0,0,0,0,0,0,0,0,1,0,1,0,0,0,1,0,0,0,1,0,0,0,0,0,0,0,0,0,0,0,0,0,1,0,0,0,1,1,RPD,"JANA Partners Management, LP",2025-08-13,21.26,0.9653751,0.9687838
0,0,0,0,0,0,0,0,0,0,0,1,0,0,1,0,0,1,0,0,0,0,0,0,0,1,0,0,0,0,0,0,0,0,0,0,0,0,0,0,1,CMPO,Moriarty Kevin M,2025-08-13,19.28,0.8361498,0.84418875
0,0,0,0,0,0,0,1,0,0,0,0,0,0,0,0,0,0,0,1,0,0,0,0,0,0,0,0,0,0,0,0,0,0,0,0,0,1,0,1,0,SF,ZEMLYAK JAMES M,2025-08-12,114.16,0.033426587,0.057971798
1,0,0,0,0,0,0,0,0,0,0,0,0,0,1,0,1,0,0,0,0,0,0,0,0,0,0,0,0,0,0,0,0,0,0,1,0,0,1,0,1,SSSS,Klein Mark D,2025-08-12,8.45,0.30526882,0.58019596
0,0,0,0,0,0,0,0,0,0,1,0,0,0,1,0,0,1,0,0,0,0,0,0,0,0,0,0,0,1,0,0,0,1,0,1,0,1,0,1,1,SHEN,"ECP ControlCo, LLC",2025-08-12,12.59,0.8128201,0.036003936
0,0,0,0,0,0,0,0,0,0,0,1,0,0,0,0,0,0,1,0,0,0,0,0,0,0,0,0,0,0,0,0,0,1,0,0,0,0,0,0,1,PRMB,STANBROOK STEVEN P,2025-08-12,24.04,0.3408379,0.10365074
0,0,0,0,0,0,0,0,0,0,0,1,0,1,0,0,0,1,0,0,0,1,0,0,0,0,0,0,0,0,0,0,0,0,0,1,0,0,0,1,1,RPD,"JANA Partners Management, LP",2025-08-12,20.07,0.9653751,0.9687838
0,0,0,0,0,0,0,0,0,0,0,1,0,0,0,0,0,1,0,0,0,1,0,0,0,0,0,0,0,0,0,0,0,0,0,0,0,0,0,0,1,PRGS,Gawlick Rainer,2025-08-12,43.47999999999999,0.73709106,0.63649344
0,0,0,0,0,0,0,0,0,0,1,0,0,0,1,0,1,0,0,0,0,0,0,0,0,0,0,1,0,0,0,0,0,1,0,1,0,1,0,0,1,BRT,GOULD INVESTORS L P,2025-08-12,14.960000000000004,0.928707,0.5860898
0,0,0,0,0,0,0,0,0,0,1,0,0,0,1,0,0,1,0,0,0,0,0,0,0,0,0,0,0,1,0,0,0,1,0,1,0,1,0,1,1,SHEN,"ECP Fiber Holdings GP, LLC",2025-08-12,12.59,0.8128201,0.036003936
0,0,0,0,0,0,1,0,0,0,0,0,0,0,1,0,1,0,0,0,0,0,0,0,0,0,0,0,0,0,0,0,0,0,0,0,0,0,0,0,1,PMTS,Riley H Sanford,2025-08-12,15.75,0.7261236,0.39275634
0,0,0,0,0,0,0,0,0,0,1,0,1,0,0,0,0,1,0,0,0,0,1,0,0,0,0,0,0,0,0,0,0,0,0,1,0,0,0,1,1,OMI,"Coliseum Capital Management, L",2025-08-12,5.15,0.98471534,0.43292877
0,0,0,0,0,0,0,0,0,0,1,0,0,1,0,0,0,0,1,0,0,0,0,0,0,1,0,0,0,0,0,0,0,0,0,1,0,0,0,1,1,REZI,"CD&R Channel Holdings II, L.P.",2025-08-12,30.75,0.95028764,0.9665286
0,0,0,0,0,0,0,0,0,0,0,1,0,0,0,0,0,1,0,0,0,0,0,0,1,0,0,0,0,0,0,0,0,1,0,0,0,0,0,0,1,GRNT,MCCARTNEY JOHN,2025-08-12,5.34,0.4704262,0.34829012
0,0,0,0,0,0,0,0,0,0,0,1,0,0,0,0,0,1,0,0,0,0,0,0,1,0,0,0,0,0,0,0,0,0,0,0,0,1,0,1,1,CAPL,Reilly John B. III,2025-08-12,20.01,0.14561835,0.05732343
1,0,0,0,0,0,0,0,0,0,0,0,0,0,0,0,0,1,0,0,0,0,0,0,0,0,0,0,0,0,0,0,0,0,0,0,0,0,0,1,0,CION,Reisner Michael A,2025-08-12,10.57,0.21191895,0.1792006
0,0,0,0,0,0,0,0,0,0,0,1,0,0,0,0,0,0,1,0,0,0,0,1,0,0,0,0,0,0,0,0,1,1,0,0,0,0,0,1,0,LNW,McLennan Hamish,2025-08-12,87.61,0.5294816,0.5740272
1,0,0,0,0,0,0,0,0,0,0,0,0,0,1,0,1,0,0,0,0,0,0,0,0,0,0,0,0,0,0,0,0,0,0,1,0,1,0,1,0,TPVG,Labe James,2025-08-12,6.28,0.25881138,0.064414375
0,0,0,0,0,0,0,0,0,0,0,1,0,1,0,0,1,0,0,0,0,0,0,0,1,0,0,0,0,0,0,0,0,0,0,1,0,0,0,1,1,AMPY,COGHILL CLINT D,2025-08-12,3.69,0.90634215,0.89606714
0,0,0,0,0,0,0,0,0,0,1,0,0,0,0,0,0,0,0,1,0,0,0,0,1,0,0,0,0,0,0,0,0,0,0,0,0,0,0,1,0,TPL,HORIZON KINETICS ASSET MANAGEM,2025-08-12,864.54,0.28435588,0.043852735
0,0,0,0,1,0,0,0,0,0,0,0,0,0,1,0,1,0,0,0,0,0,0,0,0,0,0,0,0,0,0,0,0,0,0,1,0,1,0,1,0,TPVG,Srivastava Sajal,2025-08-12,6.28,0.24390261,0.028250528
0,0,0,0,0,0,1,0,0,0,0,0,0,0,0,0,0,0,1,0,0,0,1,0,0,0,0,0,0,0,0,0,0,0,0,0,0,0,0,1,0,MASI,Brennan Michelle,2025-08-12,150.35,0.93998295,0.96807915
0,0,0,0,0,0,0,0,0,0,0,1,0,0,1,0,0,1,0,0,0,0,0,0,0,0,0,0,0,1,0,0,0,0,0,0,0,0,0,0,1,MAX,VRABECK KATHY P,2025-08-12,9.6,0.6044833,0.45533165
0,0,0,0,0,0,0,0,0,0,0,1,0,0,1,0,0,1,0,0,0,0,0,0,1,0,0,0,0,0,0,0,0,1,0,0,0,0,0,0,1,GRNT,Miller Matthew Reade,2025-08-12,5.36,0.6578545,0.5325613
0,0,0,0,0,0,0,0,0,0,0,0,0,0,1,0,1,0,0,0,0,0,0,0,1,0,0,0,0,0,0,0,0,0,0,1,0,0,0,0,1,AMPY,FREW JAMES,2025-08-12,3.7,0.9016209,0.89395434
0,0,0,0,0,0,0,0,0,0,0,1,0,0,0,0,0,1,0,0,0,0,0,0,1,0,0,0,0,0,0,0,0,1,0,0,0,0,0,0,1,GRNT,Everard Michele J,2025-08-12,5.33,0.4704262,0.34829012
0,0,0,0,0,0,0,0,0,0,0,1,0,0,0,0,0,1,0,0,0,0,0,0,1,0,0,0,0,0,0,0,0,0,0,0,0,1,0,1,1,CAPL,Topper Joseph V. Jr.,2025-08-12,20.01,0.14561835,0.05732343
0,0,0,0,0,0,0,0,0,0,0,0,0,0,1,0,0,1,0,0,0,0,0,0,1,0,0,0,0,0,0,0,0,0,0,1,0,0,1,0,1,GLP,Global GP LLC,2025-08-12,49.42,0.12221244,0.64648604
0,0,0,0,0,0,0,0,0,0,0,0,0,0,0,0,0,0,0,1,0,0,0,0,0,0,0,0,1,0,0,0,0,1,0,0,0,0,0,1,0,AMRZ,Brouwer Roald,2025-08-12,46.84,0.8988301,0.80248135
0,0,0,0,0,0,0,1,0,0,0,0,0,0,1,0,1,0,0,0,0,0,0,0,0,0,0,1,0,0,0,0,0,1,0,1,0,1,0,1,1,BRT,GOULD MATTHEW J,2025-08-12,14.960000000000004,0.84883755,0.44205058
0,0,0,0,0,0,0,1,0,0,0,0,0,0,0,0,0,1,0,0,0,0,0,0,0,0,0,0,0,0,0,0,0,1,0,0,0,0,0,0,1,GBLI,Reilly Nicole Francois,2025-08-12,28.79,0.59284973,0.32586694
0,0,0,0,0,0,0,0,0,0,0,1,0,0,1,0,0,1,0,0,0,0,0,0,0,0,0,0,0,0,0,0,0,0,0,0,0,0,0,0,1,UTI,DEVINCENZI ROBERT THOMAS,2025-08-12,25.4,0.42001262,0.2193412
0,0,0,0,0,0,0,0,0,0,0,1,0,0,0,0,0,0,1,0,0,1,0,0,0,0,0,0,0,0,0,0,0,0,0,0,0,0,0,0,1,FIVN,Burdiek Michael J,2025-08-12,24.15,0.94684815,0.79190034
0,0,0,0,0,0,0,0,0,0,0,1,0,0,0,0,0,0,0,1,0,0,0,0,0,0,0,0,0,1,0,0,0,0,0,0,0,0,0,0,1,WBD,LEVY ANTON J,2025-08-12,11.0,0.317939,0.046652555
1,0,0,0,0,0,0,0,0,0,0,0,0,0,0,0,0,0,0,1,0,0,1,0,0,0,0,0,0,0,0,0,0,0,0,0,0,0,0,0,1,VTRS,Smith Scott Andrew,2025-08-12,9.99,0.72771525,0.67186034
1,0,0,0,0,0,0,0,0,0,0,0,0,0,0,0,0,1,0,0,0,0,0,0,0,0,0,0,0,0,0,0,0,1,0,1,0,0,0,0,1,GBLI,BROWN JOSEPH W,2025-08-12,28.0,0.834003,0.4058753
1,0,0,0,0,0,0,0,0,0,0,0,0,0,1,0,1,0,0,0,0,0,0,0,0,0,0,1,0,0,0,0,0,1,0,1,0,1,0,1,1,BRT,GOULD JEFFREY,2025-08-12,14.960000000000004,0.78815824,0.4942136
0,0,0,0,0,0,0,0,0,0,0,1,0,0,0,0,0,0,1,0,0,0,0,0,0,1,0,0,0,0,0,0,0,0,0,0,0,0,0,1,0,ESAB,Cummings Melissa,2025-08-11,108.81000000000002,0.95298946,0.94283825
1,0,0,0,0,0,0,0,0,0,0,0,0,0,1,0,0,1,0,0,0,0,0,0,0,0,0,0,0,0,0,0,0,1,0,1,0,0,0,0,1,GBLI,BROWN JOSEPH W,2025-08-11,29.5,0.8666963,0.5031889
0,0,0,0,0,0,1,0,0,0,0,0,0,1,0,0,0,0,1,0,0,1,0,0,0,0,0,0,0,0,0,0,0,0,0,1,0,0,0,0,1,FOUR,Isaacman Jared,2025-08-11,83.61000000000001,0.95294034,0.9356583
0,0,0,0,0,0,0,0,0,0,0,1,0,0,1,0,0,1,0,0,0,0,0,0,0,0,0,0,0,0,0,0,0,0,0,0,0,0,0,0,1,SAFT,Langwell Dennis J.,2025-08-11,71.49,0.42001262,0.2193412
0,0,0,0,0,0,0,0,1,0,0,0,0,0,0,0,0,0,1,0,0,0,0,1,0,0,0,0,0,0,0,0,0,0,0,0,0,0,0,1,0,COLM,Bragdon Peter J,2025-08-11,49.87,0.8529892,0.9240392
1,0,0,0,0,0,0,0,0,0,0,0,0,1,0,0,1,0,0,0,0,0,0,0,0,0,0,0,0,0,0,0,0,0,0,1,0,1,0,1,0,TPVG,Labe James,2025-08-11,6.3,0.26836476,0.11842648
0,0,0,0,0,0,0,0,0,0,0,1,0,0,0,0,0,0,0,1,0,0,0,0,0,0,0,1,0,0,0,0,0,0,0,0,0,0,0,1,0,WY,Lewis Sara Grootwassink,2025-08-11,25.29,0.51158494,0.105788656
0,0,0,0,0,0,0,0,0,0,0,1,0,0,0,0,0,0,0,1,0,0,0,0,0,0,0,0,0,1,0,0,0,0,0,0,0,0,0,0,1,WBD,LEVY ANTON J,2025-08-11,10.9,0.317939,0.046652555
0,0,0,0,0,0,0,0,0,0,0,1,0,0,0,0,0,0,0,1,0,0,0,0,0,0,0,1,0,0,0,0,0,0,0,0,0,0,1,0,0,AMH,Willoughby Jay,2025-08-11,34.25,0.40292847,0.053218868
0,0,0,0,1,0,0,0,0,0,0,0,0,1,0,0,1,0,0,0,0,0,0,0,0,0,0,0,0,0,0,0,0,0,0,1,0,1,0,1,0,TPVG,Srivastava Sajal,2025-08-11,6.3,0.26988026,0.07350412
0,0,0,0,0,0,0,0,0,0,0,1,0,0,0,0,0,0,0,1,0,0,0,0,0,1,0,0,0,0,0,0,0,0,0,0,0,0,0,0,1,ETN,Johnson Gerald,2025-08-11,361.0,0.5890834,0.21938926
0,0,0,0,0,0,0,0,0,0,0,1,0,0,0,0,0,0,0,1,0,0,1,0,0,0,0,0,0,0,0,0,0,0,0,0,0,0,0,0,1,BDX,HAYES GREGORY,2025-08-11,191.57,0.72546595,0.24089564
1,0,0,0,0,0,0,0,0,0,0,0,0,0,1,0,0,0,0,1,0,1,0,0,0,0,0,0,0,0,0,0,0,0,0,0,0,0,0,1,1,AKAM,LEIGHTON F THOMSON,2025-08-11,72.26,0.3077368,0.45791626
0,0,0,0,0,0,0,0,0,0,0,1,0,0,0,0,0,0,0,1,0,1,0,0,0,0,0,0,0,0,0,0,0,0,0,0,0,0,0,0,1,AKAM,HESSE DANIEL,2025-08-11,72.3,0.39148414,0.21483807
0,0,0,0,0,0,0,0,0,0,0,1,0,0,0,0,0,1,0,0,0,0,0,1,0,0,0,0,0,0,0,0,0,0,0,0,0,0,0,0,1,TRS,Tredwell Daniel P,2025-08-11,35.39,0.7956817,0.46125263
0,0,0,0,0,0,0,0,0,0,0,1,0,0,0,0,0,1,0,0,0,0,0,0,0,1,0,0,0,0,0,0,0,0,0,0,0,0,0,0,1,RGR,Pettet Bruce T.,2025-08-11,33.1,0.8603104,0.7253216
0,0,0,0,0,0,0,1,0,0,0,0,0,0,0,0,0,1,0,0,0,0,0,0,0,0,0,0,0,0,0,0,0,1,0,0,0,0,0,0,1,GBLI,Kasowitz Evan Jacob,2025-08-11,29.18,0.59284973,0.32586694
0,1,0,0,0,0,0,0,0,0,0,0,0,0,0,0,0,1,0,0,0,0,0,0,0,0,0,0,0,0,0,0,0,0,0,0,0,0,0,0,1,UFCS,Martin Eric J,2025-08-11,29.0,0.29915747,0.10321346
0,0,0,0,0,0,0,1,0,0,0,0,0,0,0,0,0,0,0,1,0,0,0,0,0,0,0,0,0,0,0,0,0,0,0,0,0,1,0,1,0,SF,ZEMLYAK JAMES M,2025-08-11,111.76,0.033426587,0.057971798
0,1,0,0,0,0,0,0,0,0,0,0,0,0,0,0,0,1,0,0,0,0,0,0,0,1,0,0,0,0,0,0,0,0,0,0,0,0,0,0,1,ACTG,Zambito Michael SIKORYAK,2025-08-11,3.27,0.7687219,0.66122234
1,0,0,0,0,0,0,0,0,0,0,0,0,1,0,0,0,0,0,1,0,0,0,0,0,0,0,0,1,0,0,0,0,1,0,1,0,0,0,0,1,AMRZ,Jenisch Jan Philipp,2025-08-11,47.92134453781512,0.9102042,0.761983
0,0,0,0,0,0,0,0,0,0,1,0,1,0,0,0,0,1,0,0,0,0,0,0,0,0,0,0,0,0,0,0,0,0,0,1,0,0,0,0,1,ASA,"Saba Capital Management, L.P.",2025-08-11,35.0,0.9035024,0.12775706
0,0,0,0,0,0,0,0,0,0,0,1,0,0,0,0,0,0,0,0,1,0,0,0,0,0,0,0,0,0,0,0,0,0,0,0,0,1,0,1,0,BX,Porat Ruth,2025-08-11,170.18182481751825,0.16601479,0.20866519
0,0,0,0,0,0,0,0,0,0,0,1,0,0,0,0,1,0,0,0,0,0,0,0,0,0,0,0,0,1,0,0,0,0,0,0,0,0,0,1,0,TEAD,Krindel Yaffa,2025-08-11,1.74,0.843649,0.28817576
0,0,0,0,0,0,0,0,0,0,0,1,0,0,0,0,0,1,0,0,0,0,0,0,0,0,0,1,0,0,0,0,0,0,0,0,0,0,0,0,1,MMI,MARTIN LAURALEE,2025-08-11,29.34,0.76847017,0.28336844
0,0,0,0,0,0,0,0,0,0,0,1,0,0,0,0,0,1,0,0,0,0,0,0,1,0,0,0,0,0,0,0,0,0,0,0,0,0,0,1,0,MNR,McMullen William Wallace,2025-08-11,14.39,0.57319707,0.33325782
1,0,0,0,0,0,0,0,0,0,0,0,0,0,1,0,1,0,0,0,0,0,0,0,0,0,0,0,0,0,0,0,0,0,0,1,0,0,1,0,1,SSSS,Klein Mark D,2025-08-11,8.69,0.30526882,0.58019596
0,0,0,0,0,0,0,0,0,0,0,0,0,0,0,0,0,0,0,1,0,0,0,0,0,0,0,0,1,0,0,0,0,1,0,0,0,0,0,1,0,AMRZ,Brouwer Roald,2025-08-11,48.08,0.8988301,0.80248135
1,0,0,0,0,0,0,0,0,0,0,0,0,0,0,0,0,0,1,0,0,0,0,0,0,0,0,0,1,0,0,0,0,0,0,0,0,0,1,1,0,SXT,Manning Paul,2025-08-11,116.94,0.8627909,0.9280908
1,0,0,0,0,0,0,0,0,0,0,0,0,0,1,0,1,0,0,0,0,0,0,0,0,0,0,1,0,0,0,0,0,1,0,1,0,1,0,1,1,BRT,GOULD JEFFREY,2025-08-11,14.939999999999998,0.78815824,0.4942136
0,0,0,0,0,0,0,0,0,0,0,0,0,0,0,0,1,0,0,0,0,0,0,0,0,1,0,0,0,0,0,0,0,1,0,0,0,1,0,1,1,MEC,Leuba Sean P,2025-08-11,13.56,0.73281944,0.59377897
0,0,0,0,0,0,0,0,0,0,1,0,0,0,1,0,1,0,0,0,0,0,0,0,0,0,0,1,0,0,0,0,0,1,0,1,0,1,0,0,1,BRT,GOULD INVESTORS L P,2025-08-11,14.939999999999998,0.928707,0.5860898
0,0,0,0,0,0,0,0,0,0,0,1,0,0,1,0,0,0,1,0,0,1,0,0,0,0,0,0,0,0,0,0,0,0,0,1,0,1,0,1,1,ASAN,Moskovitz Dustin A.,2025-08-11,12.93,0.16898488,0.06761615
0,0,0,0,0,0,0,0,0,0,1,0,0,0,0,0,0,0,0,1,0,0,0,0,1,0,0,0,0,0,0,0,0,0,0,0,0,0,0,1,0,TPL,HORIZON KINETICS ASSET MANAGEM,2025-08-11,876.27,0.28435588,0.043852735
0,0,0,0,0,0,0,0,0,0,0,1,0,0,0,0,0,0,1,0,0,0,1,0,0,0,0,0,0,0,0,0,0,0,0,0,0,0,0,0,1,MASI,Jellison William R,2025-08-11,145.98,0.97539526,0.8827977
0,0,0,0,0,0,0,0,0,0,0,1,0,0,0,0,1,0,0,0,0,0,0,0,0,0,0,0,0,0,0,0,0,0,0,0,0,1,0,1,0,OVBC,BARNITZ ANNA P,2025-08-11,34.9,0.3102791,0.1462822
0,0,0,0,0,0,0,0,0,0,0,1,0,0,0,0,1,0,0,0,0,0,0,0,0,0,0,0,0,0,0,0,0,0,0,0,0,1,0,1,0,OVBC,Michael Seth Isaac,2025-08-11,34.9,0.3102791,0.1462822
0,0,0,0,0,0,0,0,0,0,0,0,0,0,0,0,0,1,0,0,0,0,0,0,0,1,0,0,0,0,0,0,0,0,0,0,0,0,0,0,1,RDW,Edmunds Chris,2025-08-11,8.91,0.7523561,0.79226714
0,0,0,0,0,0,0,0,0,0,0,1,0,0,0,0,0,0,1,0,0,0,0,1,0,0,0,0,0,0,0,0,1,1,0,0,0,0,0,1,0,LNW,Odell Jamie,2025-08-11,84.18,0.5294816,0.5740272
0,0,0,0,0,0,0,0,0,0,0,0,0,0,0,0,0,0,0,1,0,0,0,0,0,0,0,0,1,0,0,0,0,1,0,0,0,0,0,1,0,AMRZ,Gross Mario,2025-08-11,47.75,0.8988301,0.80248135
0,0,0,0,0,0,0,0,0,0,0,1,0,0,0,0,0,0,1,0,0,0,1,0,0,0,0,0,0,0,0,0,0,0,0,0,0,0,0,1,1,NAMS,Topper James N,2025-08-11,23.98,0.9809152,0.9584747
0,0,0,0,0,0,0,0,0,0,0,1,0,0,1,0,0,1,0,0,0,0,0,0,0,0,0,0,0,0,0,0,0,0,0,0,0,0,0,1,0,NBBK,Darcey William,2025-08-11,17.3,0.5708965,0.20362684
0,0,0,0,0,0,0,1,0,0,0,0,0,0,1,0,1,0,0,0,0,0,0,0,0,0,0,1,0,0,0,0,0,1,0,1,0,1,0,1,1,BRT,GOULD MATTHEW J,2025-08-11,14.939999999999998,0.84883755,0.44205058
0,1,0,0,0,0,0,0,0,0,0,0,0,0,0,0,0,0,0,1,0,0,0,0,0,0,0,0,1,0,0,0,0,1,0,0,0,0,0,0,1,AMRZ,Johnston Ian A,2025-08-08,47.71,0.90535635,0.6859745
0,0,0,0,0,0,0,0,0,0,0,0,0,0,0,0,0,0,0,1,0,0,0,0,0,0,0,0,1,0,0,0,0,1,0,0,0,0,0,0,1,AMRZ,Singleton Denise R,2025-08-08,47.64,0.9352475,0.78318435
0,0,0,0,0,0,0,0,0,0,0,0,0,0,0,0,0,0,0,1,0,0,0,0,0,0,0,0,1,0,0,0,0,1,0,0,0,0,0,1,0,AMRZ,Brouwer Roald,2025-08-08,46.25,0.8988301,0.80248135
0,0,0,0,0,0,0,0,0,0,0,1,0,0,1,0,0,0,1,0,0,1,0,0,0,0,0,0,0,0,0,0,0,0,0,1,0,1,0,1,1,ASAN,Moskovitz Dustin A.,2025-08-08,13.76,0.16898488,0.06761615
0,0,0,0,0,0,0,0,0,0,0,1,0,0,0,0,0,0,0,1,0,0,0,0,0,0,0,0,0,0,0,0,0,0,0,0,0,0,0,0,1,AIG,Inglis John C,2025-08-08,77.04,0.18356258,0.01857031
0,0,0,0,0,0,0,0,0,0,0,1,0,0,0,0,0,0,1,0,0,0,1,0,0,0,0,0,0,0,0,0,0,0,0,0,0,0,0,0,1,RGEN,Madaus Martin D,2025-08-08,112.13,0.97539526,0.8827977
1,0,0,0,0,0,0,0,0,0,0,0,0,0,1,0,0,0,0,1,0,0,0,0,0,0,0,0,1,0,0,0,0,1,0,1,0,0,0,1,0,AMRZ,Jenisch Jan Philipp,2025-08-08,46.562,0.8786308,0.826052
0,0,0,0,0,0,0,0,0,0,1,0,0,0,1,0,0,1,0,0,0,0,0,0,0,0,0,0,0,1,0,0,0,1,0,1,0,1,0,1,1,SHEN,"ECP Fiber Holdings GP, LLC",2025-08-08,12.52,0.8128201,0.036003936
0,0,0,0,0,0,0,1,0,0,0,0,0,0,0,0,0,0,0,1,0,0,0,0,0,0,0,0,1,0,0,0,0,1,0,0,0,0,0,0,1,AMRZ,Hill Jaime,2025-08-08,46.4,0.9352475,0.78318435
0,0,0,0,0,0,0,0,0,0,1,0,0,0,0,0,0,0,0,1,0,0,0,0,1,0,0,0,0,0,0,0,0,0,0,0,0,0,0,1,0,TPL,HORIZON KINETICS ASSET MANAGEM,2025-08-08,868.97,0.28435588,0.043852735
0,0,0,0,0,0,0,0,0,0,1,0,0,0,1,0,0,1,0,0,0,0,0,0,0,0,0,0,0,1,0,0,0,1,0,1,0,1,0,1,1,SHEN,"ECP ControlCo, LLC",2025-08-08,12.52,0.8128201,0.036003936
0,0,0,0,0,0,0,0,0,0,0,0,0,0,0,0,0,0,0,1,0,0,0,0,0,0,0,0,1,0,0,0,0,1,0,0,0,0,0,1,0,AMRZ,Gross Mario,2025-08-08,46.78,0.8988301,0.80248135
0,0,0,0,0,0,0,0,0,0,0,0,0,0,0,0,0,0,0,1,0,0,0,0,0,0,0,0,1,0,0,0,0,1,0,0,0,0,0,1,0,AMRZ,Poletti Samuel Jonas,2025-08-08,46.22,0.8988301,0.80248135
0,0,0,0,0,0,1,0,0,0,0,0,0,1,0,0,0,0,1,0,0,1,0,0,0,0,0,0,0,0,0,0,0,0,0,1,0,0,0,0,1,FOUR,Isaacman Jared,2025-08-08,81.9,0.95294034,0.9356583
0,1,0,0,0,0,0,0,0,0,0,0,0,0,0,0,1,0,0,0,0,0,0,0,0,1,0,0,0,0,0,0,0,1,0,0,0,1,0,1,0,MEC,Lehr Rachele Marie,2025-08-08,14.08,0.8990774,0.95318377
1,0,0,0,0,0,0,0,0,0,0,0,0,0,0,0,0,1,0,0,0,0,0,0,0,0,0,0,0,1,0,0,0,0,0,0,0,0,0,0,1,GOGO,Moore Christopher John,2025-08-08,12.11,0.421152,0.63649964
0,0,0,0,0,0,0,0,0,0,0,1,0,0,0,0,1,0,0,0,0,0,0,0,0,0,0,0,0,0,0,0,0,1,0,0,0,1,0,0,0,OVLY,WITHROW TERRANCE P,2025-08-08,26.88,0.7878264,0.86998963
0,0,0,0,0,0,0,0,0,0,0,1,0,0,0,0,1,0,0,0,0,0,0,0,0,0,0,0,0,0,0,0,0,1,0,0,0,1,0,0,0,OVLY,Haidlen Erich A,2025-08-08,27.24,0.7878264,0.86998963
0,1,0,0,0,0,0,0,0,0,0,0,0,0,0,0,0,0,0,1,0,0,0,0,0,0,0,0,0,0,0,0,0,1,0,0,0,0,1,0,0,CHD,McChesney Lee B,2025-08-08,91.38,0.50183827,0.13119131
1,0,0,0,0,0,0,0,0,0,0,0,0,0,1,0,0,1,0,0,0,0,1,0,0,0,0,0,0,0,0,0,0,0,0,0,0,0,0,1,0,OPK,FROST PHILLIP MD ET AL,2025-08-08,1.32,0.80481255,0.8116232
0,0,0,0,0,0,0,0,0,0,0,1,0,0,0,0,0,0,1,0,0,0,0,0,0,1,0,0,0,0,0,0,0,0,0,0,0,0,0,0,1,CBZ,YOUNG RODNEY A,2025-08-08,62.43,0.9714906,0.8643921
1,0,0,0,0,0,0,0,0,0,0,0,0,0,0,0,0,1,0,0,0,0,0,0,0,0,0,1,0,0,0,0,0,1,0,0,0,0,0,0,1,CSR,Olson Anne,2025-08-08,55.1,0.6101692,0.60341495
0,0,0,0,0,0,0,0,0,0,0,1,0,0,1,0,1,0,0,0,0,0,0,0,0,0,0,0,0,0,0,0,0,0,0,1,0,0,0,0,1,BRCC,Taslitz Steven,2025-08-08,1.52,0.8346229,0.43657923
0,0,0,0,0,0,0,0,0,0,0,1,0,0,1,0,0,0,1,0,0,1,0,0,0,0,0,0,0,0,0,0,0,0,0,0,0,0,0,0,1,BL,HENSHALL DAVID J,2025-08-08,48.6,0.9453456,0.81200427
0,1,0,0,0,0,0,0,0,0,0,0,0,0,0,0,0,1,0,0,0,0,0,0,0,0,0,1,0,0,0,0,0,1,0,0,0,0,0,0,1,CSR,Patel Bhairav,2025-08-08,54.0,0.77637,0.35862902
0,0,0,0,0,0,0,0,0,0,0,1,0,0,0,0,0,1,0,0,0,1,0,0,0,0,0,0,0,0,0,0,0,0,0,0,0,0,0,0,1,ICHR,Haugen Marc,2025-08-08,17.64,0.73709106,0.63649344
0,0,0,0,0,0,0,0,0,0,0,1,0,0,0,0,0,0,1,0,0,0,0,0,0,0,0,0,0,0,0,0,0,0,0,0,0,0,0,0,1,AUB,Ellett Frank Russell,2025-08-08,31.49,0.85446745,0.30947772
0,0,0,0,0,0,0,0,0,0,0,1,0,0,0,0,0,1,0,0,0,0,0,0,0,0,0,1,0,0,0,0,0,1,0,0,0,0,0,0,1,CSR,Schissel John A,2025-08-08,54.0,0.72451544,0.31257492
0,0,0,0,0,0,0,0,0,0,0,0,0,0,0,0,0,0,0,1,0,0,0,0,0,0,0,1,0,0,0,0,0,0,0,0,0,0,0,0,1,LINE,Thattai Sudarsan V,2025-08-08,42.45,0.4251368,0.11985161
0,0,0,0,0,0,0,0,0,0,0,1,0,0,0,0,0,1,0,0,0,0,0,0,0,0,0,0,0,0,0,0,0,0,0,0,0,0,0,1,0,HRTG,WHITING PAUL L,2025-08-08,20.5,0.6017341,0.15268178
0,0,0,0,0,0,0,0,0,0,0,1,0,0,0,0,1,0,0,0,0,0,0,0,0,0,0,0,0,0,0,0,0,0,0,0,0,0,0,1,0,CZNC,Pellegrino Frank G,2025-08-08,18.66,0.7224027,0.16012307
1,0,0,0,0,0,0,0,0,0,0,0,0,0,1,0,0,1,0,0,0,0,0,1,0,0,0,0,0,0,0,0,0,1,0,1,0,0,0,0,1,PTLO,Osanloo Michael,2025-08-08,7.42,0.95919013,0.5557874
0,0,0,0,0,0,0,0,0,0,0,1,0,0,0,0,0,0,0,1,0,0,0,0,0,0,0,0,0,0,0,0,0,0,0,0,0,0,0,0,1,BRO,KRUMP PAUL J,2025-08-08,93.31,0.18356258,0.01857031
0,0,0,0,0,0,0,0,0,0,0,1,0,0,1,0,0,1,0,0,0,0,0,0,0,0,0,0,0,0,0,0,0,1,0,0,0,0,0,1,1,GBLI,FOX SAUL A,2025-08-08,28.88,0.72459567,0.20540124
1,0,0,0,0,0,0,0,0,0,0,0,0,0,1,0,0,1,0,0,0,0,0,0,0,0,0,0,0,0,0,0,0,1,0,0,0,0,0,0,1,GBLI,Reddy Praveen Kotha,2025-08-08,28.3,0.62183464,0.57765037
0,0,0,0,0,0,0,0,0,0,0,1,0,0,0,0,0,1,0,0,0,0,0,0,0,1,0,0,0,0,0,0,0,0,0,0,0,0,1,0,1,GBX,Huffines James R,2025-08-08,44.84,0.6681235,0.56631476
0,0,0,0,0,0,1,0,0,0,0,0,0,0,0,0,0,0,0,1,0,0,0,0,0,0,0,1,0,0,0,0,0,0,0,0,0,0,0,1,1,LINE,Marchetti Kevin Patrick,2025-08-08,42.28,0.3208038,0.09355203
0,1,0,0,0,0,0,0,0,0,0,0,0,0,1,0,0,1,0,0,0,0,1,0,0,0,0,0,0,0,0,0,0,0,0,0,0,0,0,0,1,EHAB,Solomon Ryan,2025-08-08,7.64,0.7172164,0.685786
0,0,0,0,0,0,0,0,0,0,0,1,0,0,0,0,0,0,0,1,0,0,0,0,0,0,0,1,0,0,0,0,0,0,0,0,0,0,0,0,1,PSA,PETHERBRIDGE LUKE J,2025-08-08,284.25,0.48606583,0.06340119
1,0,0,0,0,0,0,0,0,0,0,0,0,0,0,0,0,0,1,0,0,0,1,0,0,0,0,0,0,0,0,0,0,0,0,0,0,0,0,0,1,PRGO,Lockwood-Taylor Patrick,2025-08-08,22.37,0.9561184,0.94125926
0,0,0,0,0,0,0,0,0,0,0,1,0,0,0,0,0,1,0,0,0,0,0,0,0,0,0,0,0,0,0,0,0,0,0,0,0,0,0,0,1,BY,KISTNER WILLIAM G,2025-08-08,25.7,0.4636908,0.09681982
0,0,0,0,0,0,0,0,0,0,0,1,0,0,0,0,1,0,0,0,0,0,0,0,0,0,0,0,0,0,0,0,0,0,0,0,0,0,0,1,0,CZNC,Shattuck Katherine W,2025-08-08,18.66,0.7224027,0.16012307
0,0,0,0,0,0,0,0,0,0,0,1,0,0,1,0,1,0,0,0,0,0,0,0,0,0,0,1,0,0,0,0,0,0,0,0,0,0,0,0,1,AOMR,Morgan Jonathan,2025-08-07,9.03,0.7899236,0.46644852
1,0,0,0,0,0,0,0,0,0,0,0,0,0,1,0,1,0,0,0,0,0,0,0,0,1,0,0,0,0,0,0,0,1,0,0,0,1,0,1,1,MEC,Reddy Jagadeesh A,2025-08-07,14.06,0.7983339,0.65256834
0,0,0,0,0,0,0,0,0,0,1,0,0,0,0,0,0,0,0,1,0,0,0,0,1,0,0,0,0,0,0,0,0,0,0,0,0,0,0,1,0,TPL,HORIZON KINETICS ASSET MANAGEM,2025-08-07,899.77,0.28435588,0.043852735
1,0,0,0,0,0,0,0,0,0,0,0,0,0,0,0,0,0,0,1,0,0,0,0,0,1,0,0,0,0,0,0,0,0,0,0,0,0,0,0,1,ARMK,ZILLMER JOHN J,2025-08-07,39.07,0.35263625,0.35208783
1,0,0,0,0,0,0,0,0,0,0,0,0,0,1,0,0,0,1,0,0,0,1,0,0,0,0,0,0,0,0,0,0,0,0,1,0,0,0,0,1,TMDX,Hassanein Waleed H,2025-08-07,116.25,0.96823096,0.90790117
0,0,0,0,0,0,0,0,0,0,0,1,0,0,0,0,0,0,0,1,0,0,0,0,0,1,0,0,0,0,0,0,0,0,0,0,0,0,0,0,1,IEX,Helmkamp Katrina L,2025-08-07,159.61,0.5890834,0.21938926
0,0,0,0,0,0,0,0,0,0,0,1,0,0,0,0,0,0,1,0,0,0,0,0,0,0,0,0,0,0,0,0,0,1,0,0,0,0,0,0,1,KMPR,LADERMAN GERALD,2025-08-07,49.37,0.3408379,0.10365074
0,0,0,0,0,0,0,0,0,0,0,1,0,0,0,0,0,0,1,0,0,0,0,0,0,0,0,0,0,0,0,0,0,1,0,0,0,0,0,0,1,KMPR,Gorevic Jason N,2025-08-07,49.14,0.3408379,0.10365074
0,0,0,0,0,0,0,1,0,0,0,0,0,0,0,0,0,0,1,0,0,0,0,0,0,0,0,0,0,0,0,0,0,1,0,0,0,0,0,0,1,KMPR,Flint Christopher Wade,2025-08-07,50.12,0.31686506,0.14053603
0,0,0,0,0,0,0,0,0,0,0,1,0,0,0,0,0,0,1,0,0,0,0,0,0,0,0,0,0,0,0,0,0,1,0,0,0,0,0,0,1,KMPR,Canida Teresa Alvarez,2025-08-07,48.96,0.3408379,0.10365074
1,0,0,0,0,0,0,0,0,0,0,0,0,0,0,0,0,0,0,1,0,0,0,0,0,0,0,0,1,0,0,0,0,0,0,0,0,0,0,0,1,IFF,Fyrwald J Erik,2025-08-07,64.95,0.53764856,0.32959026
0,0,0,0,0,0,0,0,0,0,0,1,0,0,0,0,0,0,0,1,0,0,0,0,0,0,0,0,1,0,0,0,0,0,0,0,0,0,0,1,1,IFF,FRIBOURG PAUL J,2025-08-07,64.8,0.59906214,0.1602908
0,0,0,0,0,0,0,0,0,0,0,1,0,0,0,0,0,1,0,0,0,1,0,0,0,0,0,0,0,0,0,0,1,0,0,0,0,0,0,0,1,ICHR,Haugen Marc,2025-08-07,17.75,0.73709106,0.63649344
0,0,0,0,0,0,0,0,0,0,0,1,0,0,0,0,0,0,1,0,0,0,1,0,0,0,0,0,0,0,0,0,0,0,0,0,0,0,0,0,1,HSIC,DANIEL WILLIAM K,2025-08-07,67.08,0.97539526,0.8827977
0,1,0,0,0,0,0,0,0,0,0,0,0,0,0,0,0,0,0,1,0,0,0,0,1,0,0,0,0,0,0,0,0,0,0,0,0,0,0,0,1,DTM,Jewell Jeffrey A,2025-08-07,104.38,0.10749103,0.054175414
0,0,0,0,0,0,0,0,0,0,0,1,0,1,0,0,1,0,0,0,0,0,0,0,0,0,0,0,0,0,0,0,0,0,0,0,0,0,0,0,1,UBFO,GILL JAGROOP,2025-08-07,8.34,0.74852717,0.21991079
0,1,0,0,0,0,0,0,0,0,0,0,0,0,1,0,1,0,0,0,0,0,0,0,0,0,0,0,0,0,0,0,0,0,0,0,0,0,0,0,1,FXNC,Schwartz Brad E,2025-08-07,21.02,0.67360926,0.18939026
0,0,0,0,0,0,0,0,0,0,0,1,0,0,1,0,0,0,1,0,0,0,0,1,0,0,0,0,0,0,0,0,0,0,0,0,0,0,0,0,1,FUN,Hoffman Steven E,2025-08-07,24.67,0.9573659,0.882503
0,0,0,0,0,0,0,0,0,0,1,0,0,1,0,0,0,1,0,0,0,0,0,0,0,0,0,0,0,0,0,0,0,0,0,1,0,0,0,0,1,ASA,"Saba Capital Management, L.P.",2025-08-07,34.73,0.9310238,0.77623796
0,0,0,0,0,0,0,0,0,0,0,1,0,0,0,0,0,0,1,0,0,0,0,0,0,0,0,0,0,0,0,0,0,0,0,0,0,0,0,0,1,AUB,Ellett Frank Russell,2025-08-07,31.54,0.85446745,0.30947772
0,0,0,0,0,0,0,0,0,0,1,0,0,0,1,0,0,1,0,0,0,0,0,0,0,0,0,0,0,1,0,0,0,1,0,1,0,1,0,1,1,SHEN,"ECP Fiber Holdings GP, LLC",2025-08-07,12.71,0.8128201,0.036003936
0,0,0,0,0,0,0,0,0,0,0,1,0,0,1,0,1,0,0,0,0,0,0,0,0,0,0,0,0,0,0,0,0,0,0,1,0,0,0,0,1,BPRN,TUCHMAN MARTIN,2025-08-07,31.0,0.8346229,0.43657923
0,0,0,0,0,0,0,0,0,0,0,1,0,0,1,0,0,0,1,0,0,0,0,0,0,0,0,0,0,0,0,0,0,1,0,0,0,0,0,1,1,PNFP,INGRAM DAVID B,2025-08-07,90.09,0.45735386,0.2180004
0,0,0,0,0,0,0,0,0,0,0,1,0,0,0,0,0,0,1,0,0,0,0,0,0,0,0,0,0,0,0,0,0,0,0,0,0,0,0,0,1,PLMR,Notaras Martha,2025-08-07,119.92,0.85446745,0.30947772
0,0,0,0,0,0,0,0,0,0,0,1,0,0,1,0,0,0,1,0,0,1,0,0,0,0,0,0,0,0,0,0,0,0,0,1,0,1,0,1,1,ASAN,Moskovitz Dustin A.,2025-08-07,14.1,0.16898488,0.06761615
0,0,0,0,0,0,0,0,0,0,1,0,0,0,1,0,0,1,0,0,0,0,0,0,0,0,0,0,0,1,0,0,0,1,0,1,0,1,0,1,1,SHEN,"ECP ControlCo, LLC",2025-08-07,12.71,0.8128201,0.036003936
0,0,0,0,0,0,0,0,0,0,0,1,0,0,0,0,0,0,1,0,0,0,0,0,0,0,0,0,0,0,0,0,0,0,0,0,0,0,0,1,0,SFNC,TEUBNER RUSSELL WILLIAM,2025-08-07,18.62178571428571,0.8418798,0.81369454
0,0,0,0,0,0,0,1,0,0,0,0,0,0,0,0,0,0,0,1,0,0,0,0,0,0,0,0,0,0,0,0,0,0,0,0,0,1,0,1,0,SF,ZEMLYAK JAMES M,2025-08-07,110.17,0.033426587,0.057971798
0,0,0,0,0,0,0,0,0,0,0,1,0,0,1,0,0,0,1,0,0,0,1,0,0,0,0,0,0,0,0,0,0,0,0,0,0,0,0,1,1,CRSP,Treco Douglas A,2025-08-06,57.03,0.9706113,0.9600141
0,0,0,0,0,0,0,0,0,0,0,1,0,0,0,0,0,0,1,0,0,0,1,0,0,0,0,0,0,0,0,0,0,1,0,0,0,0,0,0,1,TFX,HAGGERTY GRETCHEN R,2025-08-06,114.75,0.8362292,0.738452
1,0,0,0,0,0,0,0,0,0,0,0,0,0,1,0,0,0,1,0,0,0,1,0,0,0,0,0,0,0,0,0,0,0,0,1,0,0,0,0,1,TMDX,Hassanein Waleed H,2025-08-06,118.68,0.96823096,0.90790117
0,0,0,0,0,0,0,0,0,0,0,1,0,0,1,0,1,0,0,0,0,0,0,0,0,0,0,0,0,0,0,0,0,0,0,1,0,0,0,0,1,BPRN,TUCHMAN MARTIN,2025-08-06,31.03,0.8346229,0.43657923
0,0,0,0,0,0,0,0,0,0,0,1,0,0,0,0,0,0,0,1,0,0,0,0,0,1,0,0,0,0,0,0,0,0,0,0,0,0,0,0,1,LUV,SARETSKY GREGG A,2025-08-06,30.03,0.5890834,0.21938926
0,0,0,0,0,0,0,0,0,0,0,1,0,0,0,0,0,0,1,0,0,0,0,0,0,0,0,0,0,0,0,0,0,1,0,0,0,0,0,0,1,BRBR,STEIN ELLIOT JR,2025-08-06,37.49,0.3408379,0.10365074
0,0,0,0,0,0,0,0,0,0,0,1,0,0,0,0,0,1,0,0,0,0,0,0,0,1,0,0,0,0,0,0,0,0,0,0,0,0,1,0,0,KFRC,Brooks Derrick Dewan,2025-08-06,32.71,0.6369168,0.42081225
0,0,0,0,0,0,0,0,0,0,0,0,0,0,0,0,0,0,1,0,0,0,0,0,0,0,0,0,0,0,0,0,0,1,0,0,0,0,0,0,1,BRBR,ROSENTHAL CRAIG L,2025-08-06,37.29,0.31686506,0.14053603
0,0,0,0,0,0,0,0,0,0,0,1,0,0,0,0,0,0,1,0,0,0,0,0,0,0,0,0,0,0,0,0,0,1,0,0,0,0,0,0,1,BRBR,CONWAY SHAWN,2025-08-06,36.41,0.3408379,0.10365074
0,0,0,0,0,0,0,0,0,0,0,0,0,0,1,0,1,0,0,0,0,0,0,0,0,0,0,1,0,0,0,0,0,1,0,0,0,0,0,1,0,PINE,Greathouse Steven Robert,2025-08-06,14.31,0.94833165,0.8916345
0,0,0,0,0,0,0,0,0,0,0,0,0,0,1,0,1,0,0,0,0,0,0,0,0,0,0,1,0,0,0,0,0,1,0,0,0,0,0,1,1,PINE,Smith Daniel Earl,2025-08-06,14.1,0.93820906,0.856667
1,0,0,0,0,0,0,0,0,0,0,0,0,0,1,0,1,0,0,0,0,1,0,0,0,0,0,0,0,0,0,0,0,0,0,0,0,0,0,0,1,ASUR,Goepel Patrick,2025-08-06,8.16,0.8810711,0.8748794
0,0,0,0,0,0,0,0,0,0,0,1,0,0,0,0,0,0,1,0,0,0,0,0,0,0,0,0,0,0,0,0,0,0,0,0,0,0,0,0,1,AUB,Ellett Frank Russell,2025-08-06,31.79,0.85446745,0.30947772
1,0,0,0,0,0,0,0,0,0,0,0,0,0,0,0,0,0,0,1,0,0,1,0,0,0,0,0,0,0,0,0,0,0,0,0,0,0,0,1,1,VRTX,Kewalramani Reshma,2025-08-06,389.58,0.7450478,0.62592816
0,0,0,0,0,0,0,0,0,0,0,1,0,0,0,0,0,0,0,1,0,0,1,0,0,0,0,0,0,0,0,0,0,0,0,0,0,0,0,1,1,VRTX,SACHS BRUCE I,2025-08-06,389.68,0.7361518,0.2870384
0,0,0,0,0,0,0,0,0,0,0,1,0,0,0,0,0,0,0,1,0,1,0,0,0,0,0,0,0,0,0,0,0,0,0,0,0,0,0,1,1,AUR,Donahoe John J,2025-08-06,6.1,0.3995584,0.2700728
0,0,0,0,0,0,0,0,0,0,0,1,0,0,0,0,1,0,0,0,0,0,0,0,0,0,0,0,0,0,0,0,0,0,0,0,0,0,0,1,1,FRST,GARRETT F L III,2025-08-06,11.07,0.5820641,0.099128075
0,0,0,0,0,0,0,0,0,0,0,1,0,0,0,0,0,1,0,0,0,0,0,0,0,0,0,0,0,0,0,0,0,0,0,0,0,1,0,1,0,PFIS,LOCHEN RICHARD S JR,2025-08-06,47.67,0.22339262,0.17111863
1,0,0,0,0,0,0,0,0,0,0,0,0,0,1,0,1,0,0,0,0,0,0,0,0,0,0,1,0,0,0,0,0,1,0,0,0,0,0,1,1,PINE,Albright John P,2025-08-06,14.2,0.912265,0.87171966
0,0,0,0,0,0,0,0,0,0,0,1,0,0,0,0,0,1,0,0,0,0,0,0,0,0,0,0,0,0,0,0,0,0,0,0,0,0,0,1,0,NWBI,Hunter Timothy M,2025-08-06,11.66,0.6017341,0.15268178
0,0,0,0,0,0,0,0,0,0,0,1,0,0,0,0,0,0,0,1,0,0,0,0,0,0,0,0,0,0,0,0,0,0,0,0,0,0,0,1,0,BRO,Masojada Bronislaw Edmund,2025-08-06,91.44,0.1762277,0.032674287
0,0,0,0,0,0,0,0,0,0,0,1,0,0,0,0,0,1,0,0,0,0,0,0,0,1,0,0,0,0,0,0,0,1,0,0,0,0,0,0,1,NSP,Ramchand Latha,2025-08-06,50.64,0.8792121,0.8071198
0,1,0,0,0,0,0,0,0,0,0,0,0,0,0,0,0,1,0,0,0,0,0,0,0,0,0,0,0,0,0,0,0,0,0,0,0,0,0,1,0,AROW,Ivanov Penko Krassimir,2025-08-06,26.5,0.34515584,0.06693481
1,0,0,0,0,0,0,0,0,0,0,0,0,0,0,0,1,0,0,0,0,0,0,0,0,0,0,0,0,0,0,0,0,1,0,0,0,0,1,0,0,NWFL,Donnelly James O,2025-08-06,23.9,0.51656747,0.73805124
0,0,0,0,1,0,0,0,0,0,0,0,0,0,1,0,1,0,0,0,0,0,0,0,0,0,0,0,0,0,0,0,0,0,0,0,0,1,0,0,0,CHMG,COLE LOREN D,2025-08-05,50.10000000000001,0.19474445,0.16607906
0,0,0,0,0,0,0,0,1,0,0,0,0,0,0,0,0,0,1,0,0,0,0,0,0,0,0,0,0,0,0,0,0,1,0,0,0,0,0,0,1,SNV,Creson Shellie,2025-08-05,47.79,0.31686506,0.14053603
0,0,0,0,0,0,0,0,0,0,0,1,0,0,1,0,1,0,0,0,0,1,0,0,0,0,0,0,0,0,0,0,0,0,0,0,0,0,0,0,1,ASUR,Drew William Carl,2025-08-05,8.3,0.78312737,0.5891239
0,0,0,0,0,0,0,0,0,0,1,0,0,0,1,0,1,0,0,0,0,0,0,0,0,0,0,1,0,0,0,0,0,1,0,1,0,1,0,1,1,PINE,"CTO Realty Growth, Inc.",2025-08-05,14.33,0.85483336,0.42655784
0,0,0,0,0,0,0,1,0,0,0,0,0,0,0,0,0,1,0,0,0,0,0,0,0,0,0,0,0,0,0,0,0,0,0,0,0,0,0,0,1,IBCP,Mohr Gavin A.,2025-08-05,29.64,0.29515752,0.18769118
0,1,0,0,0,0,0,0,0,0,0,0,0,0,1,0,0,1,0,0,0,0,0,0,0,0,0,0,0,0,0,0,0,0,0,0,0,0,0,0,1,EIG,Pedraja Michael,2025-08-05,40.04,0.32693473,0.1256269
0,0,0,0,0,0,0,0,0,0,0,1,0,0,0,0,0,0,1,0,0,0,0,0,0,0,0,0,0,0,0,0,0,0,0,0,0,0,0,0,1,AUB,Ellett Frank Russell,2025-08-05,31.32,0.85446745,0.30947772
0,0,0,0,0,0,0,0,0,0,0,1,0,0,0,0,1,0,0,0,0,0,0,0,0,0,0,0,0,0,0,0,1,1,0,0,0,0,1,0,0,NWFL,Schmalzle Ronald R,2025-08-05,24.35,0.7903511,0.62525344
1,0,0,0,0,0,0,0,0,0,0,0,0,0,0,0,0,0,1,0,0,0,1,0,0,0,0,0,0,0,0,0,0,1,0,0,0,0,0,0,1,TFX,Kelly Liam,2025-08-05,115.07,0.88202065,0.855416
1,0,0,0,0,0,0,0,0,0,0,0,0,0,0,0,0,1,0,0,0,0,0,1,0,0,0,0,0,0,0,0,0,0,0,0,0,1,1,1,0,AIN,Kleveland Gunnar,2025-08-05,59.75,0.22970961,0.5731405
1,0,0,0,0,0,0,0,0,0,0,0,0,0,0,0,0,0,1,0,0,0,0,1,0,0,0,0,0,0,0,0,0,1,0,0,0,0,0,0,1,OI,Hardie Gordon,2025-08-05,13.1,0.6635883,0.3313137
0,1,0,0,0,0,0,0,0,0,0,0,0,0,1,0,0,1,0,0,0,0,0,0,0,0,0,0,0,0,0,0,0,0,0,0,0,1,0,0,0,WASH,Ohsberg Ronald S.,2025-08-05,26.95,0.07809972,0.0716831
0,1,0,0,0,0,0,0,0,0,0,0,0,0,0,0,0,1,0,0,0,0,0,0,0,0,0,0,0,0,0,0,0,0,0,0,0,0,0,0,1,CIVB,Whinnem Ian,2025-08-05,19.2,0.29915747,0.10321346
0,0,0,0,0,0,0,0,0,0,0,0,0,0,0,0,0,0,1,0,0,0,0,1,0,0,0,0,0,0,0,0,0,1,0,0,0,0,0,0,1,OI,ABRAHAMS DARROW A,2025-08-05,13.05,0.67780477,0.47068983
0,0,0,0,0,0,0,0,0,0,0,1,0,0,0,0,1,0,0,0,0,0,0,0,0,0,0,0,0,0,0,0,0,0,0,0,0,0,0,1,1,FRST,GARRETT F L III,2025-08-05,11.02,0.5820641,0.099128075
0,0,0,0,0,0,0,0,0,0,0,1,0,0,0,0,0,0,0,1,0,0,0,0,0,1,0,0,0,0,0,0,0,0,0,0,0,0,0,0,1,LUV,Feinberg Sarah,2025-08-05,30.01,0.5890834,0.21938926
0,0,0,0,0,0,0,0,0,0,0,1,0,0,0,0,0,0,1,0,0,0,1,0,0,0,0,0,0,0,0,0,0,1,0,0,0,0,0,0,1,TFX,Ryu Jaewon,2025-08-05,115.0,0.8362292,0.738452
0,0,0,0,0,0,0,0,0,0,0,1,0,0,1,0,0,0,1,0,0,0,0,1,0,0,0,0,0,0,0,0,0,0,0,0,0,0,0,0,1,MUSA,MURPHY ROBERT MADISON,2025-08-05,367.01,0.9573659,0.882503
1,0,0,0,0,0,0,0,0,0,0,0,0,0,0,0,0,0,1,0,0,0,0,0,0,1,0,0,0,0,0,0,0,0,0,0,0,0,0,1,1,WSC,Soultz Bradley Lee,2025-08-05,25.15,0.8494596,0.8528435
0,1,0,0,0,0,0,0,0,0,0,0,0,0,0,0,0,0,1,0,0,0,0,1,0,0,0,0,0,0,0,0,0,1,0,0,0,0,0,0,1,OI,Haudrich John,2025-08-05,13.05,0.52960026,0.34053636
0,0,0,0,0,0,0,0,0,0,0,1,0,0,0,0,0,0,1,0,0,0,1,0,0,0,0,0,0,0,0,0,0,1,0,0,0,0,0,0,1,TFX,RANDLE STUART A,2025-08-05,115.86,0.8362292,0.738452
0,0,0,0,0,0,0,0,0,0,0,1,0,0,0,0,0,0,1,0,0,0,1,0,0,0,0,0,0,0,0,0,0,1,0,0,0,0,0,0,1,TFX,Krakauer Andrew A,2025-08-05,115.25,0.8362292,0.738452
0,0,0,0,0,0,0,0,0,0,0,1,0,0,0,0,1,0,0,0,0,0,0,0,0,0,0,0,0,0,0,0,0,0,0,1,0,1,0,1,0,BLFY,Kinzler Patrick H.,2025-08-04,8.51,0.53172225,0.054355748
0,0,0,0,0,0,0,0,0,0,0,1,0,0,1,0,0,1,0,0,0,0,0,0,0,0,0,0,0,0,0,0,0,0,0,0,0,0,0,1,1,RRBI,Price Teddy Ray,2025-08-04,60.26010651787979,0.52020305,0.16662842
0,0,0,0,0,0,0,0,0,0,0,1,0,0,1,0,0,0,1,0,0,0,0,0,0,0,0,0,0,0,0,0,0,0,0,0,0,0,0,1,1,CVBF,Borba George A Jr,2025-08-04,18.67,0.8551979,0.7109274
0,0,0,0,0,0,0,0,0,0,1,0,0,1,0,0,0,0,1,0,0,0,0,0,0,0,0,0,0,1,0,0,0,0,0,1,0,0,0,1,1,SIRI,BERKSHIRE HATHAWAY INC,2025-08-04,21.63,0.8970072,0.8992211
0,0,0,0,0,0,0,0,0,0,0,1,0,0,0,0,0,1,0,0,0,0,0,0,0,0,0,0,0,0,0,0,0,0,0,0,0,1,0,0,0,UVSP,Paquin Natalye,2025-08-04,28.23,0.13733543,0.14466555
0,0,0,0,0,0,0,0,0,0,0,1,0,0,0,0,0,0,1,0,0,0,1,0,0,0,0,0,0,0,0,0,0,0,0,0,0,0,0,0,1,CHE,WALSH GEORGE J III,2025-08-04,417.1,0.97539526,0.8827977
0,0,0,0,0,0,0,0,0,0,0,1,0,0,0,0,0,1,0,0,0,0,0,0,0,0,0,0,0,0,0,0,0,0,0,0,0,0,0,0,1,GABC,Medley Diane B,2025-08-04,37.95,0.4636908,0.09681982
0,0,0,0,0,0,0,0,0,0,0,1,0,0,0,0,0,1,0,0,0,0,0,0,0,0,0,0,0,0,0,0,0,0,0,0,0,0,0,1,0,OSBC,Lyons Billy J Jr.,2025-08-04,16.61,0.6017341,0.15268178
0,1,0,0,0,0,0,0,0,0,0,0,0,0,0,0,0,0,1,0,0,0,0,0,0,1,0,0,0,0,0,0,0,0,0,0,0,0,0,0,1,CBZ,Lakhia Brad S.,2025-08-04,62.78000000000001,0.87950695,0.8012414
0,0,0,0,0,0,0,0,1,0,0,0,0,0,0,0,0,0,0,1,0,0,0,0,0,1,0,0,0,0,0,0,0,0,0,0,0,0,0,0,1,JBHT,McGee Eric,2025-08-04,140.76,0.5281211,0.28335482
0,0,0,0,0,0,0,0,0,0,0,1,0,0,0,0,0,1,0,0,0,0,0,0,0,0,0,0,0,0,0,0,0,1,0,0,0,0,0,0,1,MOFG,McCormick Tracy S,2025-08-04,26.83,0.4867425,0.152111
1,0,0,0,0,0,0,0,0,0,0,0,0,0,0,0,0,0,0,1,0,0,0,0,0,0,0,1,0,0,0,0,0,0,0,0,0,0,0,0,1,DOC,Brinker Scott M,2025-08-04,16.83,0.2594229,0.16695194
0,0,0,0,0,0,0,0,0,0,1,0,0,0,1,0,0,1,0,0,0,0,0,0,0,0,0,0,0,1,0,0,0,1,0,1,0,1,0,1,1,SHEN,"ECP ControlCo, LLC",2025-08-04,13.0,0.8128201,0.036003936
0,0,0,0,0,0,0,0,1,0,0,0,0,0,0,0,1,0,0,0,0,0,0,0,0,0,0,0,0,0,0,0,0,0,0,0,0,1,1,0,0,BLFY,Malkiman Aleksandr,2025-08-04,8.56,0.12672395,0.13354193
0,0,0,0,0,0,0,0,0,0,0,1,0,0,0,0,0,1,0,0,0,0,0,0,0,0,0,0,0,0,0,0,0,0,0,0,0,0,0,0,1,FCF,BRICE TODD D,2025-08-04,16.52,0.4636908,0.09681982
0,0,0,0,0,0,0,0,0,0,1,0,0,0,1,0,0,1,0,0,0,0,0,0,0,0,0,0,0,1,0,0,0,1,0,1,0,1,0,1,1,SHEN,"ECP Fiber Holdings GP, LLC",2025-08-04,13.0,0.8128201,0.036003936
0,1,0,0,0,0,0,0,0,0,0,0,0,0,0,0,0,0,0,1,0,0,0,0,0,0,0,0,0,0,0,0,0,1,0,0,0,0,0,0,1,FCNCA,NIX CRAIG L,2025-08-04,1958.74,0.46835202,0.107359074
0,0,0,0,0,0,0,0,0,0,0,1,0,0,1,0,0,1,0,0,0,0,1,0,0,0,0,0,0,0,0,0,0,0,0,1,0,0,0,1,1,AUPH,TANG KEVIN,2025-08-04,11.34,0.9696184,0.9220823
0,0,0,0,0,0,0,0,0,0,0,1,0,0,0,0,0,0,1,0,0,0,0,0,0,0,0,0,0,0,0,0,0,1,0,0,0,0,0,0,1,SNV,Bentsen Tim E,2025-08-04,46.44,0.3408379,0.10365074
0,0,0,0,0,0,0,0,0,0,0,1,0,0,1,0,0,0,1,0,0,0,0,0,0,0,0,0,0,0,0,0,0,1,0,0,0,0,0,1,0,PNFP,THOMPSON G KENNEDY,2025-08-01,85.65,0.37410128,0.3033477
0,0,0,0,0,0,0,0,0,0,0,1,0,0,0,0,0,0,1,0,0,0,0,0,0,0,0,0,0,0,0,0,0,1,0,0,0,0,0,1,0,SIGI,DOHERTY ROBERT KELLY,2025-08-01,77.0,0.24805614,0.25128418
0,1,0,0,0,0,0,0,0,0,0,0,0,0,0,0,1,0,0,0,0,0,0,0,0,0,0,0,0,0,0,0,0,1,0,0,0,0,1,0,0,NWFL,McCaffery John Martin JR,2025-08-01,24.1,0.6728511,0.6442627
1,0,0,0,0,0,0,0,0,0,0,0,0,0,0,0,0,0,0,1,0,0,0,0,0,1,0,0,0,0,0,0,0,0,0,0,0,0,0,0,1,UPS,TOME CAROL B,2025-08-01,85.67,0.35263625,0.35208783
0,1,0,0,0,0,0,0,0,0,0,0,0,0,0,0,0,1,0,0,0,0,0,0,1,0,0,0,0,0,0,0,0,0,0,0,0,0,0,1,0,PUMP,Weatherl Caleb Lyle,2025-08-01,4.91,0.34273967,0.18377283
0,0,0,0,0,0,0,0,0,0,1,0,1,0,0,0,0,0,1,0,0,0,0,0,0,0,0,0,0,1,0,0,0,0,0,1,0,0,0,1,1,SIRI,BERKSHIRE HATHAWAY INC,2025-08-01,21.02,0.82463115,0.23712966
0,1,0,0,0,0,0,0,0,0,0,0,0,0,0,0,0,1,0,0,0,0,0,0,0,0,0,0,0,0,0,0,0,0,0,0,0,1,0,1,0,FCBC,Brown David D,2025-08-01,36.0,0.09852805,0.08984575
0,0,0,0,0,0,0,0,0,0,0,1,0,0,1,0,0,0,1,0,0,1,0,0,0,0,0,0,0,0,0,0,0,0,0,1,0,1,0,1,1,ASAN,Moskovitz Dustin A.,2025-08-01,14.04,0.16898488,0.06761615
0,1,0,0,0,0,0,0,0,0,0,0,0,0,0,0,0,0,0,1,0,1,0,0,0,0,0,0,0,0,0,0,0,0,0,0,0,0,1,0,1,FTV,Okerstrom Mark D,2025-08-01,47.03,0.22226754,0.28854966
0,1,0,0,0,0,0,0,0,0,0,0,0,0,0,0,0,1,0,0,0,1,0,0,0,0,0,0,0,0,0,0,0,0,0,0,0,0,0,0,1,XRX,Gecaj Mirlanda,2025-08-01,4.03,0.56571805,0.70685387
0,1,0,0,0,0,0,0,0,0,0,0,0,0,0,0,0,1,0,0,0,0,0,0,0,1,0,0,0,0,0,0,0,0,0,0,0,0,0,1,0,CASS,Normile Michael James,2025-08-01,39.61,0.6917819,0.23871893
0,0,0,0,0,0,0,0,0,0,0,1,0,0,0,0,0,1,0,0,0,0,0,0,0,0,0,0,0,0,0,0,0,0,0,0,0,0,0,1,0,NWBI,Paup Mark A,2025-08-01,11.59,0.6017341,0.15268178
0,0,0,0,0,0,0,0,0,0,0,1,0,0,1,0,1,0,0,0,0,0,0,0,0,0,0,0,0,0,0,0,0,0,0,0,0,0,0,0,1,PCB,RHEE DON,2025-08-01,20.13,0.5565015,0.21433057
1,0,0,0,0,0,0,0,0,0,0,0,0,0,0,0,0,0,1,0,0,0,0,0,1,0,0,0,0,0,0,0,0,0,0,0,0,0,0,1,1,MTDR,Foran Joseph Wm,2025-08-01,49.17,0.61039114,0.8098599
1,0,0,0,0,0,0,0,0,0,0,0,0,0,1,0,0,1,0,0,0,0,0,0,0,0,0,0,0,1,0,0,0,0,0,0,0,0,0,0,1,THRY,Walsh Joe,2025-08-01,12.9,0.482663,0.8381781
0,0,0,0,0,0,0,0,0,0,0,1,0,0,0,0,1,0,0,0,0,0,0,0,0,0,0,0,0,0,0,0,0,0,0,0,0,0,0,0,1,NEWT,SALUTE RICHARD J,2025-08-01,11.24,0.5931266,0.079702005
0,0,0,0,0,0,0,0,0,0,0,0,0,0,0,0,0,0,1,0,0,0,0,1,0,0,0,0,0,0,0,0,0,0,0,0,0,0,0,1,1,TNL,Brown Michael Dean,2025-08-01,58.39,0.87106496,0.91180074
0,1,0,0,0,0,0,0,0,0,0,0,0,0,0,0,0,1,0,0,0,0,0,0,0,0,0,0,0,0,0,0,0,0,0,0,0,0,0,1,0,MBIN,Sievers Sean A.,2025-08-01,29.75,0.34515584,0.06693481
0,0,0,0,0,0,0,0,0,0,0,1,0,0,0,0,1,0,0,0,0,0,0,0,0,0,0,0,0,0,0,0,0,1,0,0,0,0,0,0,1,OVLY,LAFFERTY ALLISON,2025-08-01,26.460000000000004,0.84366596,0.5945692
0,0,0,0,0,0,0,0,0,0,0,1,0,0,1,0,1,0,0,0,0,0,0,0,0,0,0,0,0,0,0,0,0,1,0,0,0,0,0,0,1,OVLY,Leonard Daniel J,2025-08-01,26.2,0.9065058,0.7966358
1,0,0,0,0,0,0,0,0,0,0,0,0,0,0,0,0,0,0,1,0,0,0,0,0,1,0,0,0,0,0,0,0,0,0,0,0,0,0,0,1,CLH,Battles Michael Louis,2025-08-01,233.5,0.35263625,0.35208783
0,0,0,0,0,0,0,0,0,0,0,1,0,0,0,0,0,1,0,0,0,0,0,0,0,0,0,0,0,0,0,0,0,0,0,0,0,0,0,0,1,KRNY,Wong-Zaza Melvina,2025-08-01,5.99,0.4636908,0.09681982
0,0,0,0,0,0,0,0,0,0,0,1,0,0,0,0,0,0,1,0,0,0,0,0,0,0,0,0,0,0,0,0,0,0,0,0,0,0,0,0,1,SSB,SMITH G STACY,2025-08-01,92.3,0.85446745,0.30947772
0,0,0,0,0,0,0,0,0,0,0,1,0,0,1,0,1,0,0,0,0,0,0,0,0,0,0,0,0,0,0,0,0,0,0,1,0,1,0,1,0,BLFY,Kinzler Patrick H.,2025-08-01,8.41,0.502566,0.045237944
0,0,0,0,0,0,0,0,0,0,0,1,0,0,0,0,0,0,1,0,0,0,0,0,0,0,0,0,0,0,0,0,0,0,0,0,0,0,0,0,1,RNST,LEVY JONATHAN A,2025-08-01,35.64,0.85446745,0.30947772
0,0,0,0,0,0,0,0,0,0,1,0,0,1,0,0,0,0,1,0,0,1,0,0,0,0,0,0,0,0,0,0,0,1,0,0,0,0,0,1,0,AMKR,"Sujoda Management, LLC",2025-08-01,21.85,0.8326456,0.9211068
0,0,0,0,0,0,0,0,0,0,1,0,0,1,0,0,0,0,1,0,0,1,0,0,0,0,0,0,0,0,0,0,0,1,0,0,0,0,0,1,0,AMKR,"SUJODA Investments, LP",2025-08-01,21.85,0.8326456,0.9211068
0,0,0,0,0,0,0,0,0,0,1,0,0,1,0,0,0,0,1,0,0,1,0,0,0,0,0,0,0,0,0,0,0,1,0,0,0,0,1,1,0,AMKR,KIM SUSAN Y,2025-08-01,21.85,0.809838,0.9064437
0,0,0,0,0,0,0,0,0,0,1,0,0,1,0,0,0,0,1,0,0,1,0,0,0,0,0,0,0,0,0,0,0,1,0,0,0,0,1,1,0,AMKR,KIM JOHN T,2025-08-01,21.85,0.809838,0.9064437
1,0,0,0,0,0,0,0,0,0,0,0,0,0,0,0,0,1,0,0,0,0,0,0,0,1,0,0,0,0,0,0,0,0,0,0,0,0,0,1,0,CASS,Resch Martin H.,2025-08-01,39.5,0.4677245,0.45402247
1,0,0,0,0,0,0,0,0,0,0,0,0,0,1,0,0,0,1,0,0,1,0,0,0,0,0,0,0,0,0,0,0,0,0,0,0,0,0,0,1,ARW,Kerins Sean J,2025-08-01,114.91,0.88688624,0.87198997
0,0,0,0,0,0,0,0,0,0,1,0,0,1,0,0,0,0,1,0,0,1,0,0,0,0,0,0,0,0,0,0,0,1,0,0,0,0,0,1,0,AMKR,KIM DAVID D,2025-08-01,21.85,0.8326456,0.9211068
0,0,0,0,0,0,0,0,0,0,1,0,0,1,0,0,1,0,0,0,0,0,0,0,0,0,0,1,0,0,0,0,0,1,0,1,0,1,0,1,1,PINE,"CTO Realty Growth, Inc.",2025-08-01,14.11,0.62115675,0.3553403
1,0,0,0,0,0,0,0,0,0,0,0,0,0,1,0,0,0,1,0,0,0,1,0,0,0,0,0,0,0,0,0,0,0,0,0,0,0,0,1,0,ALGN,HOGAN JOSEPH M,2025-08-01,131.49,0.910335,0.9480283
0,0,1,0,0,0,0,0,0,0,0,0,0,0,1,0,0,1,0,0,0,0,0,0,0,0,0,0,0,0,0,0,0,0,0,0,0,0,0,0,1,HTBK,SA THOMAS A,2025-08-01,9.25,0.3425079,0.31504497
0,0,0,0,0,0,0,0,1,0,0,0,0,0,0,0,1,0,0,0,0,0,0,0,0,0,0,0,0,0,0,0,0,0,0,0,0,1,1,0,0,BLFY,Malkiman Aleksandr,2025-08-01,8.41,0.12672395,0.13354193
